Protegido,Controlado,Autoaislado,Individualista,Simbólico,CC
0.0069860680527057736,0.011252622335319422,0.08332607384413027,0.898183990870434,0.0002512448974104443,301015
0.0024390883643877178,0.004796565423987139,0.05262120759659134,0.939998182603166,0.00014495601186782585,301019
0.0007197828646517676,0.003175979244819594,0.03040695807977723,0.9654316931456661,0.0002655866650852288,301020
0.9713936441783597,0.0009792236730261,0.0029705137932932242,0.023189456525356027,0.0014671618299652077,301012
0.0015898029962571573,0.0018852525861240304,0.9261857165937386,0.0001194725866277694,0.07021975523725243,301028
0.0036552943885518204,0.6654199149539048,9.459105504135903e-07,0.002353535172559999,0.3285703095744328,301001
0.010951702078053743,0.9523508628458773,9.015616161662183e-07,0.004139417768115417,0.03255711574633745,1101002
0.008832783819597949,0.9377668290005732,1.315214421489662e-06,0.010007422169563442,0.0433916497958439,1101014
0.9236365547788972,0.04774991495766746,1.6169489001175528e-06,2.96750600799448e-05,0.028582238254455224,1101008
0.9570460045120206,0.02708358175005503,5.580985086947069e-07,1.190694551184729e-05,0.01585794869390372,1401001
0.9233936572046606,0.07008690949946936,3.898562561206512e-07,2.4984295113791913e-06,0.006516545010102506,1401004
1.9766672855302108e-05,0.1056508585467584,1.599880601544521e-07,0.8840948235852887,0.01023439120703735,2101003
0.017505917966950064,0.9670434312113325,0.004870941183952252,0.006394925235673367,0.00418478440209175,2101006
0.8903658427415836,0.08139976644981631,8.596708560552511e-07,4.331736424814312e-06,0.028229199401319086,2101016
0.0003030412863051803,0.016438526564052477,3.97856313642311e-06,0.8730820673286166,0.11017238625788937,2101012
0.00027003763307816817,0.009789693177758714,2.1360763902037892e-06,0.9030703819762044,0.08686775113656839,2201011
0.011960655641554501,0.8372568152293334,1.3566971262602166e-06,0.009435610009081281,0.14134556242290447,2201022
7.289342904445525e-05,0.005929341752565757,1.1290653091030422e-06,0.848410931645978,0.14558570410710261,3601005
0.0011556058889156855,0.024777361031468475,0.01619795114560081,0.9372636711317412,0.020605410802273762,3601007
3.328251921342345e-05,0.00023861047490697276,0.9985134619715037,7.189744033327e-06,0.0012074552903427215,4701004
0.0071517380166306165,0.6030036577969722,1.8551780941829184e-06,0.010144716402862245,0.37969803260544077,4701009
0.008348832749666,0.8744717108678048,1.5717578775895679e-06,0.005674096500995287,0.11150378812365623,4701001
0.010951702078053743,0.9523508628458773,9.015616161662183e-07,0.004139417768115417,0.03255711574633745,4701010
5.852356460719013e-06,0.07018487659978129,9.275193198412748e-08,0.9109962987617588,0.01881287953006707,4701018
0.0003030412863051803,0.016438526564052477,3.97856313642311e-06,0.8730820673286166,0.11017238625788937,4701022
0.010951702078053743,0.9523508628458773,9.015616161662183e-07,0.004139417768115417,0.03255711574633745,4701017
0.011960655641554501,0.8372568152293334,1.3566971262602166e-06,0.009435610009081281,0.14134556242290447,6201009
0.15234210622902114,0.001929437579995209,0.8451551604402929,0.0004899311971287275,8.336455356196968e-05,6801002
2.8791168221120234e-06,0.02779459837823291,6.287320608372955e-08,0.935411028649159,0.03679143098257993,8401014
0.2211232580891173,0.004302828611082941,0.35481049326917186,1.153457968942755e-06,0.41976226657265886,8401005
5.264459309703389e-06,0.10972863441464369,1.1468689428769625e-07,0.7763668652117852,0.11389912122736719,8401012
0.0009791420982918312,0.005886469789492672,0.0010651118368338818,0.00015393146662583004,0.9919153448087558,8401019
0.00015917350669400604,0.004379216908160423,1.7162729067804176e-06,0.707534604675097,0.28792528863714184,8701002
0.002202109917423189,0.9276683731127506,3.541152908603298e-07,0.0013148833299307474,0.06881427952460473,8702029
0.005797013272717829,0.8761391445819601,6.559729215747022e-07,0.0020758181733800153,0.11598736799902068,8702056
2.3550460472639167e-07,0.002949295146642458,7.1025865765493695e-06,0.06947709805585284,0.9275662687063235,8702012
9.804553941494052e-06,0.2538666752469264,1.550150030820173e-07,0.6927614324180357,0.053361932766093245,8702015
0.04064215548913392,0.8642142788637004,6.962678431204839e-05,0.04203016836810782,0.053043770494745825,8702017
9.751772179838313e-09,0.00012256051506729198,1.156449817294316e-05,0.008986956874275203,0.9908789083607122,8702031
0.6585514327364714,0.00965170559617811,2.678134075804289e-05,0.03473278126832628,0.2970372990582661,8702006
0.9570460045120206,0.02708358175005503,5.580985086947069e-07,1.190694551184729e-05,0.01585794869390372,8702007
3.519600747593133e-11,4.2849833980149075e-07,2.0745070179352217e-05,0.0001825974902401362,0.9997962289060446,8702009
0.004270205929416091,0.6706961877586208,9.484510755914103e-07,0.011724231455323569,0.31330842640556383,8702037
0.8863208085785674,0.006153324707839049,4.795069318306391e-07,3.902840089356055e-06,0.1075214843665724,8702038
0.005797013272717829,0.8761391445819601,6.559729215747022e-07,0.0020758181733800153,0.11598736799902068,8702042
0.010722534172229957,0.000999755034802109,3.297744230021217e-05,1.0987624839663428e-07,0.9882446234744192,8702044
6.172038998199048e-06,0.04860085519901842,4.531067403162196e-07,0.8807375858050516,0.07065493385019139,8702020
1.1711237112490578e-05,0.048205670382195975,1.608458200483184e-06,0.7711122624863224,0.1806687474361686,8702024
0.9981759808118467,0.0006992890325986232,2.8354802588918904e-09,1.802285001067568e-07,0.0011245470915742537,8703113
3.435273967712351e-11,8.729260778975791e-07,7.94469367351382e-06,0.0003211179392715239,0.9996700644066243,8703105
0.008832783819597949,0.9377668290005732,1.315214421489662e-06,0.010007422169563442,0.0433916497958439,8703005
0.006536475609519563,0.8358831206098578,2.2258131214640927e-06,0.013316239054852389,0.1442619389126488,8703006
0.006536475609519563,0.8358831206098578,2.2258131214640927e-06,0.013316239054852389,0.1442619389126488,8703008
3.7877981502310653e-10,3.4457833641416297e-06,2.0130124527602946e-05,0.001088600343444112,0.9988878233698844,8703098
0.0031706539351799307,0.8754187385940403,1.0770790919379885e-06,0.0029319516257070148,0.11847757876598078,8703016
7.289342904445525e-05,0.005929341752565757,1.1290653091030422e-06,0.848410931645978,0.14558570410710261,8703043
0.004183102409033719,0.9588724646049868,6.213712527791565e-07,0.0021512611598318463,0.034792550454894815,8703084
0.07479847296344778,0.2376776358242617,1.28744332514902e-05,0.28437463764693977,0.4031363791320993,8703029
0.011960655641554501,0.8372568152293334,1.3566971262602166e-06,0.009435610009081281,0.14134556242290447,8703064
0.8903658427415836,0.08139976644981631,8.596708560552511e-07,4.331736424814312e-06,0.028229199401319086,8703067
0.0022565129053724506,0.6601958233120001,1.8486464057457499e-06,0.004988044608501942,0.33255777052771973,8703033
0.02375984004371723,0.20020701614873584,2.661053835405828e-06,0.05525979725234971,0.7207706855013618,8703071
7.289342904445525e-05,0.005929341752565757,1.1290653091030422e-06,0.848410931645978,0.14558570410710261,8703074
0.008348832749666,0.8744717108678048,1.5717578775895679e-06,0.005674096500995287,0.11150378812365623,8703051
0.0001896934371289895,0.017884089059729654,3.4232970387919592e-06,0.5177653102010068,0.4641574840050957,8703038
0.04161330625743211,0.41117632429736584,3.185797833372651e-06,0.01226428125890416,0.5349429023884645,8706001
0.006536475609519563,0.8358831206098578,2.2258131214640927e-06,0.013316239054852389,0.1442619389126488,8706007
5.041226521077307e-05,0.01536296367219035,0.0015273358029034379,0.0006817645380310195,0.9823775237216644,8706012
0.8903658427415836,0.08139976644981631,8.596708560552511e-07,4.331736424814312e-06,0.028229199401319086,8706021
0.003998961858272894,0.9043412702622484,7.510361571287356e-07,0.0012336394188155815,0.09042537742450617,8706031
0.003998961858272894,0.9043412702622484,7.510361571287356e-07,0.0012336394188155815,0.09042537742450617,8706036
0.007375315580666818,0.8297472631087596,2.6484809015836563e-06,0.01997513749339572,0.1428996353362764,8706022
2.5971008649971262e-05,0.039303207426784545,0.0004375877767119915,0.00104954505624844,0.9591836887316051,8707007
0.0071517380166306165,0.6030036577969722,1.8551780941829184e-06,0.010144716402862245,0.37969803260544077,8707008
0.9236365547788972,0.04774991495766746,1.6169489001175528e-06,2.96750600799448e-05,0.028582238254455224,8707011
1.4048388309300956e-09,3.7705094488372075e-06,2.4986492051573313e-09,0.9996426156312758,0.000353609955787466,8709002
7.198394356517994e-06,0.023504137660915678,1.0942759002915857e-07,0.8931776778788029,0.08331087663833506,8709033
0.005103901261244319,0.5254029664110598,2.3947569552926666e-06,0.021701890071338818,0.4477888474994016,8709039
1.205298328782468e-05,0.08497052982088674,1.8278453695606413e-07,0.6788390222571037,0.23617821215418472,8709021
0.008348832749666,0.8744717108678048,1.5717578775895679e-06,0.005674096500995287,0.11150378812365623,8709059
0.008348832749666,0.8744717108678048,1.5717578775895679e-06,0.005674096500995287,0.11150378812365623,8709047
0.011960655641554501,0.8372568152293334,1.3566971262602166e-06,0.009435610009081281,0.14134556242290447,8709049
0.7259923821588508,0.13463168534596187,3.7080329566668987e-06,0.011454859462854104,0.12791736499937664,8709052
0.011960655641554501,0.8372568152293334,1.3566971262602166e-06,0.009435610009081281,0.14134556242290447,10101011
0.00013327694485216487,0.005819751779022732,2.4109800025020203e-06,0.8014301067185363,0.19261445357758628,10101002
1.738309729984672e-06,0.05823108446719338,1.1988794040400723e-07,0.8801051318234121,0.06166192551172405,10101003
4.0393852081836334e-05,0.013760026089554747,3.227295914383263e-05,0.001741357091451335,0.9844259500077682,10101008
0.00010747853910631612,0.007118110875706581,2.5522979809741925e-06,0.9282009390669246,0.06457091922028142,10101009
0.008348832749666,0.8744717108678048,1.5717578775895679e-06,0.005674096500995287,0.11150378812365623,10101005
0.05823728779036323,0.9012956928826388,9.299374430061166e-05,0.008945107526982578,0.03142891805571499,10501001
1.95207613521825e-11,8.462660327377197e-12,0.9999639470694703,9.459929074340277e-08,3.595830325534415e-05,11101001
1.8386670158322892e-06,0.0041496158191101345,0.9571915389235234,0.03742409934565213,0.0012329072446984918,11101002
0.01420933894667081,0.7263571808165403,1.119284194056505e-06,0.0019432018507982262,0.2574891591017964,12701006
0.0007473651269243805,0.05791648215719809,0.0711248180847846,0.8669666481012451,0.0032446865298479282,12701003
0.007493585414421712,0.9487483749030678,0.030773498235951272,0.011666211233083514,0.001318330213475579,12701011
0.00022211760313116255,0.022221440420815457,0.030112144688951712,0.9465547339746445,0.0008895633124572012,13402007
0.0005551639448279084,0.009581972094622724,0.01072224477587463,0.9397896282656661,0.03935099091900863,13402019
0.02289203870693359,0.9606516931957141,0.0036392284370806217,0.007301428918550783,0.005515610741720821,14501049
7.605107444465332e-05,0.009289160987981692,0.018648728787086743,0.9714827399499408,0.000503319200546126,14501029
7.605107444465332e-05,0.009289160987981692,0.018648728787086743,0.9714827399499408,0.000503319200546126,14501030
0.12543629873408196,0.07457600106268322,0.7937832369985325,0.0061608185347450835,4.3644669957183234e-05,14501012
0.007894505690265879,0.03186644366575031,0.9598579688905646,0.0003518451110005534,2.923664241862693e-05,14501014
0.008348832749666,0.8744717108678048,1.5717578775895679e-06,0.005674096500995287,0.11150378812365623,14501043
0.00027003763307816817,0.009789693177758714,2.1360763902037892e-06,0.9030703819762044,0.08686775113656839,14501044
0.005797013272717829,0.8761391445819601,6.559729215747022e-07,0.0020758181733800153,0.11598736799902068,14501047
1.0028723937950957e-05,0.043149272569105716,1.1184428578151259e-07,0.9361992888208093,0.02064129804186129,14501048
7.605107444465332e-05,0.009289160987981692,0.018648728787086743,0.9714827399499408,0.000503319200546126,14501019
7.605107444465332e-05,0.009289160987981692,0.018648728787086743,0.9714827399499408,0.000503319200546126,14501021
2.351829712244618e-06,4.906602784377014e-05,0.9908266036726564,0.00911978257779366,2.195891993813414e-06,14501026
0.0019602447018256188,0.011636047806476396,0.9858789239706413,0.0004708875054407185,5.389601561588815e-05,14501016
3.2379765379426636e-05,0.09923473207116747,1.0871692913764635e-05,0.8995331201667034,0.0011888963038358782,17501005
2.8791168221120234e-06,0.02779459837823291,6.287320608372955e-08,0.935411028649159,0.03679143098257993,19301019
1.1212307939790826e-05,0.07218369643444478,2.0753679578263005e-07,0.9017239572639864,0.026080926456833405,19301023
0.006536475609519563,0.8358831206098578,2.2258131214640927e-06,0.013316239054852389,0.1442619389126488,19301026
1.0028723937950957e-05,0.043149272569105716,1.1184428578151259e-07,0.9361992888208093,0.02064129804186129,19301016
2.8791168221120234e-06,0.02779459837823291,6.287320608372955e-08,0.935411028649159,0.03679143098257993,19301018
0.005797013272717829,0.8761391445819601,6.559729215747022e-07,0.0020758181733800153,0.11598736799902068,19301006
1.4048388309300956e-09,3.7705094488372075e-06,2.4986492051573313e-09,0.9996426156312758,0.000353609955787466,90501028
0.008407646343396894,0.9364813409831783,0.03641101839065098,0.017401466125124262,0.0012985281576494128,90501002
0.010951702078053743,0.9523508628458773,9.015616161662183e-07,0.004139417768115417,0.03255711574633745,90501031
0.009293991536676123,0.9637885199499844,0.021101061847287925,0.004826979618127517,0.0009894470479239813,90501041
2.8791168221120234e-06,0.02779459837823291,6.287320608372955e-08,0.935411028649159,0.03679143098257993,90501035
0.011960655641554501,0.8372568152293334,1.3566971262602166e-06,0.009435610009081281,0.14134556242290447,90501036
0.011960655641554501,0.8372568152293334,1.3566971262602166e-06,0.009435610009081281,0.14134556242290447,90501013
0.011960655641554501,0.8372568152293334,1.3566971262602166e-06,0.009435610009081281,0.14134556242290447,90501017
1.9766672855302108e-05,0.1056508585467584,1.599880601544521e-07,0.8840948235852887,0.01023439120703735,90501023
0.011960655641554501,0.8372568152293334,1.3566971262602166e-06,0.009435610009081281,0.14134556242290447,90501024
0.012795675145846704,0.41638665672811576,0.5211175935920718,0.02865412639122157,0.021045948142744107,90501001
0.00020029411082342824,0.011013022559616921,2.0798485415661765e-06,0.9620000854524123,0.026784518028605712,91101003
3.055211419093477e-10,4.75204996587166e-06,1.6706644343172302e-05,0.9999785409997712,3.9850474917857965e-13,301023
1.5615326285104548e-14,1.0690250031703314e-06,2.2342125607632834e-06,0.9999966967619341,4.862204954796959e-13,301026
1.2293582305765632e-28,3.851045275324087e-20,6.761697211205228e-25,1.567641401584315e-26,1.0,8709041
7.06421862493148e-16,2.139367821937106e-09,0.99998984747763,7.398829311269373e-17,1.0150383001545302e-05,15001001
1.3605989167843285e-05,0.9998640465162311,5.379845930330814e-09,4.347615355317236e-06,0.00011799449939987097,301007
6.163074911028367e-22,2.7896509998275648e-05,6.683288171078241e-11,0.9999720741662954,2.92568734432683e-08,301008
1.1602007148434673e-05,0.9878864391283437,3.967668591768549e-23,1.3502079837442756e-06,0.012100608656524238,301029
2.990719506462259e-06,0.9880616787800679,1.5829153939019862e-22,2.23904298139618e-07,0.011935106596127412,301002
0.029191382799217278,0.9693254077778581,3.8000784777580895e-24,1.9464650962849358e-07,0.0014830147764150225,1101003
4.084833364621687e-05,0.15708372425829914,5.685270929735585e-23,1.1097942463639997e-07,0.84287531642863,1401011
2.193918677144713e-22,0.010249229720716214,1.447267203184985e-24,0.9835584227631184,0.006192347516165431,1401015
3.501290711427852e-19,2.534600000628225e-11,0.9999997956651849,2.0430946890236591e-07,1.7358879796461143e-16,1401018
2.556545997803678e-13,0.0008367075449052083,9.430804844452651e-07,0.9987017396257456,0.00046060974860903604,1401020
2.279455265100992e-13,0.0012805285059063678,8.375048371638898e-08,0.9982418394730903,0.0004775482702916515,1401021
3.534641163942565e-11,5.405331808928295e-05,9.380713134005978e-09,0.9999458228736721,1.1439217931579286e-07,1401022
0.9409259663503178,0.0329574100882738,5.0156308685618345e-25,5.331060629650952e-18,0.02611662356140839,1401003
8.007351146782285e-06,0.9999579938666547,3.4271726168424145e-14,3.399779204080979e-05,9.901234741960455e-10,1401005
0.805083438720253,0.10941402445094993,6.641876012983107e-24,2.934392913451637e-18,0.08550253682879712,1401008
3.7676893544691564e-16,0.0032595215795720098,6.31074368663575e-21,0.8992316591708064,0.09750881924962121,2101010
2.990719506462259e-06,0.9880616787800679,1.5829153939019862e-22,2.23904298139618e-07,0.011935106596127412,2101011
0.999999594449471,4.19728674177657e-12,5.0115257704728065e-15,5.205911253325341e-22,4.055463266466716e-07,2201025
0.029191382799217278,0.9693254077778581,3.8000784777580895e-24,1.9464650962849358e-07,0.0014830147764150225,2201007
1.1602007148434673e-05,0.9878864391283437,3.967668591768549e-23,1.3502079837442756e-06,0.012100608656524238,3601003
2.581298166721576e-16,5.442286199024898e-06,1.4084829305759235e-10,0.9999945571041603,4.687921834494085e-10,3601004
4.5050544048521896e-12,3.7041134273711256e-05,9.357268510159829e-11,0.9999629583691203,3.985281030636822e-10,4701005
2.6845478381974582e-17,0.0007691117713376734,2.232109050603121e-22,0.8377616629907944,0.16146922523786794,4701006
0.029191382799217278,0.9693254077778581,3.8000784777580895e-24,1.9464650962849358e-07,0.0014830147764150225,4701008
3.1513114303066524e-22,0.05712109234523463,3.2173571865562966e-23,0.9088457181295476,0.03403318952521763,4701012
4.084833364621687e-05,0.15708372425829914,5.685270929735585e-23,1.1097942463639997e-07,0.84287531642863,4701019
3.342946379685742e-16,0.00496416589225788,5.576939944008407e-22,0.8944342293146293,0.10060160479311227,4701020
2.5309166548255804e-06,0.9999905237604196,7.832061493615052e-11,6.345291377764969e-06,5.999532272830016e-07,4701014
3.1513114303066524e-22,0.05712109234523463,3.2173571865562966e-23,0.9088457181295476,0.03403318952521763,4701015
9.015214495714392e-13,0.37479055724164395,2.2497316115629492e-23,2.4303141653374704e-08,0.6252094184543129,6201010
8.007351146782285e-06,0.9999579938666547,3.4271726168424145e-14,3.399779204080979e-05,9.901234741960455e-10,6201006
9.401471054769762e-19,4.218415557273364e-12,0.9999999999957816,1.0652652202714013e-18,7.290297999725921e-24,8401020
4.1472938071557533e-17,1.7145409939293815e-10,0.9999774533029796,2.2546525566310057e-05,2.6234608092751596e-17,14501001
2.7725945577394704e-12,3.208966158855318e-07,0.9999996790854206,1.518687936606114e-11,4.041756018612549e-15,14501002
1.6690873082789614e-06,0.7899682019994735,4.65545825728274e-24,1.1083164184005472e-09,0.2100301278049019,8702014
3.6698550919275947e-06,0.12593352779427694,7.719104850555576e-22,5.417531033890164e-10,0.8740628018088781,8702026
0.9999646753988232,3.0875904448948365e-05,3.152891768297974e-27,1.8627901825608207e-22,4.448696727932914e-06,8702027
0.9670961888779002,1.9476331558457628e-08,8.624119574139667e-27,1.1310962397031746e-19,0.03290379164576836,8702053
0.09337668886528824,0.872267665254987,1.418700649889917e-20,8.904661320290868e-08,0.034355556833111325,8702013
6.857072078035694e-14,0.9925594982064271,1.3496100457856332e-13,0.005006040598896779,0.0024344611944725706,8702018
1.178661500607766e-12,1.1847547101646008e-09,1.5674545216774644e-13,2.4596641915946102e-26,0.9999999988139099,8702002
7.818730299303754e-12,0.30618606730836156,4.479443013937694e-22,8.271465792251822e-08,0.6938138499691617,8702005
0.023009044113977983,0.06507240718849719,1.27408749989783e-19,7.424822838837219e-09,0.911918541272702,8702008
2.6044824311857375e-06,0.7181478830662378,7.293629706593347e-23,1.5427076904859192e-09,0.28184951090862337,8702050
8.629586170999999e-23,3.814938445935885e-12,1.0844973267780181e-10,2.0898968291188198e-16,0.9999999998877351,8702045
0.9999987908997949,4.2498819344872517e-13,2.6110459216233576e-31,1.9773287784358173e-23,1.20909978006871e-06,8703110
4.333311716821754e-41,5.033025014428071e-18,1.5193706127582385e-15,2.748004675077503e-16,0.9999999999999982,8703106
2.990719506462259e-06,0.9880616787800679,1.5829153939019862e-22,2.23904298139618e-07,0.011935106596127412,8703097
6.785717929434992e-06,0.9917627697034406,2.311315157554063e-24,8.852905848454044e-07,0.008229559288045201,8703010
6.19563222664956e-18,1.3233208636830757e-07,2.377232698319238e-17,1.8463549970276079e-16,0.9999998676679134,8703024
1.4233949437598087e-23,4.512315284152901e-07,6.229599122566486e-17,0.9999995487679789,4.928019303289032e-13,8703014
0.033231834478927205,0.9209866276292242,2.2889297968644642e-24,1.7531607278643807e-09,0.045781536138687975,8703015
1.4667182199227574e-28,4.54832455357197e-06,1.266683332865259e-18,0.9999944619556724,9.897197739274768e-07,8703020
5.395394137580648e-13,0.0035119184032948907,1.7145176869855396e-21,0.8605466546201773,0.13594142697598827,8703042
8.096914187519155e-09,0.7647773954906207,7.722336394086633e-23,1.1155981882976462e-08,0.2352225852564832,8703079
0.9999646753988232,3.0875904448948365e-05,3.152891768297974e-27,1.8627901825608207e-22,4.448696727932914e-06,8703083
5.304924640357394e-07,0.7227923220788436,5.526549363158135e-21,8.103952001250629e-07,0.2772063370334924,8703085
2.990719506462259e-06,0.9880616787800679,1.5829153939019862e-22,2.23904298139618e-07,0.011935106596127412,8703090
0.0015707190793179985,3.167319819966143e-08,5.266008022410483e-21,7.757072510137901e-20,0.9984292492474839,8703094
2.990719506462259e-06,0.9880616787800679,1.5829153939019862e-22,2.23904298139618e-07,0.011935106596127412,8703095
0.9999646753988232,3.0875904448948365e-05,3.152891768297974e-27,1.8627901825608207e-22,4.448696727932914e-06,8703058
1.1602007148434673e-05,0.9878864391283437,3.967668591768549e-23,1.3502079837442756e-06,0.012100608656524238,8703063
5.1196192202230515e-15,0.45738559980163135,1.5398315269932374e-22,9.085559179147896e-08,0.5426143093427717,8703069
3.1513114303066524e-22,0.05712109234523463,3.2173571865562966e-23,0.9088457181295476,0.03403318952521763,8703070
2.6044824311857375e-06,0.7181478830662378,7.293629706593347e-23,1.5427076904859192e-09,0.28184951090862337,8703052
3.7676893544691564e-16,0.0032595215795720098,6.31074368663575e-21,0.8992316591708064,0.09750881924962121,8703035
6.785717929434992e-06,0.9917627697034406,2.311315157554063e-24,8.852905848454044e-07,0.008229559288045201,8706003
0.9752956970346992,0.023845791774438123,9.86518100633811e-24,6.230121426534155e-16,0.0008585111908620671,8706005
8.655027590824767e-11,0.0002632368294142917,1.9787121847216695e-23,0.9996975917290984,3.917135493706623e-05,8706037
3.8028619716949727e-28,8.4304739242342e-05,8.738151818610427e-21,0.9999156274276325,6.783312527243954e-08,8706039
1.1602007148434673e-05,0.9878864391283437,3.967668591768549e-23,1.3502079837442756e-06,0.012100608656524238,8706032
3.39407668283415e-07,0.7937688740930716,3.5217424198045656e-22,5.812484277247529e-07,0.20623020525083224,8706038
2.6044824311857375e-06,0.7181478830662378,7.293629706593347e-23,1.5427076904859192e-09,0.28184951090862337,8706016
1.0065530359737055e-05,0.7153105627047052,1.8212903358313345e-23,9.267864405109474e-09,0.28467936249707076,8706025
0.15614501836221226,0.843851798625391,1.2758394851055333e-17,1.5812060082580202e-06,1.601806388490169e-06,8707005
0.48243378268318615,1.3918658594295054e-08,2.2671704496766273e-28,5.004556118236952e-22,0.5175662033981553,8707012
0.008787177256823311,0.9448935249841177,9.3671462786065e-24,2.982194802282903e-10,0.04631929746083952,8707020
1.1602007148434673e-05,0.9878864391283437,3.967668591768549e-23,1.3502079837442756e-06,0.012100608656524238,8708011
5.395394137580648e-13,0.0035119184032948907,1.7145176869855396e-21,0.8605466546201773,0.13594142697598827,8708006
5.395394137580648e-13,0.0035119184032948907,1.7145176869855396e-21,0.8605466546201773,0.13594142697598827,8709005
0.9576010522672284,0.01954088071805284,5.124997097225902e-24,4.839720517418271e-18,0.022858067014718788,8709006
9.492432579719905e-22,0.0032152157534537707,4.722156305997477e-22,0.9460736298423622,0.050711154404184146,8709031
0.029191382799217278,0.9693254077778581,3.8000784777580895e-24,1.9464650962849358e-07,0.0014830147764150225,8709034
3.806284044673872e-18,3.434033431956725e-09,1.1057598019824776e-14,2.249448478460379e-17,0.9999999965659554,8709036
0.029191382799217278,0.9693254077778581,3.8000784777580895e-24,1.9464650962849358e-07,0.0014830147764150225,8709055
0.033231834478927205,0.9209866276292242,2.2889297968644642e-24,1.7531607278643807e-09,0.045781536138687975,8709056
3.39407668283415e-07,0.7937688740930716,3.5217424198045656e-22,5.812484277247529e-07,0.20623020525083224,8709003
0.9999628416462045,3.6994299815898953e-05,5.958926203596436e-27,2.3544402786410222e-20,1.6405397946941274e-07,8709011
4.610762346639549e-19,0.06288113697867796,8.930875435649844e-24,0.8886409511731433,0.04847791184817874,8709016
2.193918677144713e-22,0.010249229720716214,1.447267203184985e-24,0.9835584227631184,0.006192347516165431,8709025
1.1602007148434673e-05,0.9878864391283437,3.967668591768549e-23,1.3502079837442756e-06,0.012100608656524238,8709012
4.102265365142469e-21,0.0006703279348637904,1.5017747060495955e-25,0.9993137664788277,1.5905586308526714e-05,8709013
0.9409259663503178,0.0329574100882738,5.0156308685618345e-25,5.331060629650952e-18,0.02611662356140839,8709050
6.785717929434992e-06,0.9917627697034406,2.311315157554063e-24,8.852905848454044e-07,0.008229559288045201,8709051
0.00138156711712093,0.9986025374494822,5.150767447808164e-19,1.4717473692059277e-07,1.5748258659964384e-05,9901006
4.5050544048521896e-12,3.7041134273711256e-05,9.357268510159829e-11,0.9999629583691203,3.985281030636822e-10,10101013
2.193918677144713e-22,0.010249229720716214,1.447267203184985e-24,0.9835584227631184,0.006192347516165431,10101014
8.900190286347813e-22,0.0027370604283416694,1.7693678275709003e-07,0.9971360587191026,0.00012670391577295807,12701007
2.5309166548255804e-06,0.9999905237604196,7.832061493615052e-11,6.345291377764969e-06,5.999532272830016e-07,13402013
0.8570804980444761,0.13956278682494147,1.3363838708820968e-23,3.948421612388743e-16,0.003356715130582073,14501052
1.2815033941336118e-16,0.00976102792441958,0.00029515347582573123,0.8040678766062559,0.18587594199349877,14501031
1.3605989167843285e-05,0.9998640465162311,5.379845930330814e-09,4.347615355317236e-06,0.00011799449939987097,14501010
7.283655722469677e-08,3.287526133152983e-06,0.9999966396144454,2.2858935172984154e-11,5.17189691693768e-15,14501015
0.17070777514221022,0.8292264428523399,1.5529603980822708e-09,6.454372915119443e-05,1.2367233381049477e-06,14501037
6.785717929434992e-06,0.9917627697034406,2.311315157554063e-24,8.852905848454044e-07,0.008229559288045201,14501041
4.779711230534773e-13,0.005340242803864646,1.5128001429082792e-22,0.8546246279944063,0.1400351292012511,14501045
0.003956878825356487,0.9654922254274669,3.74760314899727e-08,5.487779067378492e-10,0.030550857722367143,14501023
1.3630806789153945e-24,6.226064101507201e-09,0.7298168770080616,0.2701831129995456,3.7663285403168435e-09,14501024
2.5290797498333117e-22,6.725505511205978e-11,0.9999999770873881,2.284527566487146e-08,8.11691967605779e-14,14901001
2.4491187115167777e-23,5.765147042094745e-15,3.3807203872924654e-13,4.789248437728043e-22,0.999999999999656,15301001
3.9730496287546577e-19,0.09300573752331345,7.664898141020462e-25,0.858420488760115,0.04857377371657135,15801002
9.416513487632341e-09,0.023902999769301967,1.1390546554389638e-21,0.86052954773088,0.11556744308330451,17501001
0.011017096286975472,0.9889813824816847,1.302986520730497e-10,1.4117011902985122e-06,1.093998508409731e-07,17501007
3.7676893544691564e-16,0.0032595215795720098,6.31074368663575e-21,0.8992316591708064,0.09750881924962121,18901001
1.1287294379038785e-26,0.0023209063861052872,1.9482447477356402e-25,0.9900738240335597,0.007605269580334986,19301008
7.706987969757759e-15,0.00023321491386091292,7.163792109331168e-22,0.9994927888310091,0.00027399625512221967,19301020
6.4570190556281354e-06,0.7876406941119699,1.1636856847447117e-24,6.664960438176907e-09,0.21235284220401401,19301024
3.7676893544691564e-16,0.0032595215795720098,6.31074368663575e-21,0.8992316591708064,0.09750881924962121,19301025
4.960065409953848e-15,3.8683393444392174e-05,2.9789686889559894e-23,0.9999152304152849,4.608619126576276e-05,19301003
4.102265365142469e-21,0.0006703279348637904,1.5017747060495955e-25,0.9993137664788277,1.5905586308526714e-05,19301005
1.1602007148434673e-05,0.9878864391283437,3.967668591768549e-23,1.3502079837442756e-06,0.012100608656524238,90501027
7.853040428956857e-19,1.521653211191803e-08,2.03678541856558e-09,0.9999999824947406,2.5194178101620356e-10,90501045
2.193918677144713e-22,0.010249229720716214,1.447267203184985e-24,0.9835584227631184,0.006192347516165431,90501015
0.033231834478927205,0.9209866276292242,2.2889297968644642e-24,1.7531607278643807e-09,0.045781536138687975,90501021
8.655027590824767e-11,0.0002632368294142917,1.9787121847216695e-23,0.9996975917290984,3.917135493706623e-05,91101001
3.7676893544691046e-16,0.003259521579572,6.310743686635753e-21,0.8992316591708068,0.09750881924962089,91101007
5.129872182893219e-08,0.003780767077312876,0.0058654534186045335,0.9902323544296394,0.00012137377572145153,301016
2.8562639719119677e-06,0.0050149259334484175,0.008328805859301095,0.9866140579351264,3.935400815213377e-05,301021
2.8562639719119677e-06,0.0050149259334484175,0.008328805859301095,0.9866140579351264,3.935400815213377e-05,301009
0.0002242385741541354,0.983672689961301,0.00015287043625511197,0.0010524612291233698,0.0148977397991665,301011
2.6635722070274154e-06,0.0165363085330273,0.00039413406973558805,0.9820942199389802,0.0009726738860499724,1101004
0.0010193041656651222,0.9516113935257585,7.821308393187174e-11,0.0001615480146781502,0.04720775421568503,1101010
3.2010028877960124e-07,0.0036213185062714506,8.98561066443174e-05,0.9936301534212577,0.002658351865537783,1401023
0.9304389829933227,0.024499549022991087,3.266031275187827e-12,9.2907161101113e-08,0.045061375073258844,2101004
0.0010193041656651222,0.9516113935257585,7.821308393187174e-11,0.0001615480146781502,0.04720775421568503,2101005
7.175157205761343e-09,0.005567773657062436,2.072131648779374e-10,0.8757070412469761,0.11872517771359106,2101007
7.175157205761343e-09,0.005567773657062436,2.072131648779374e-10,0.8757070412469761,0.11872517771359106,2101013
0.9459337374275956,3.1909889190199453e-06,0.04828272748136462,2.0186787488306493e-08,0.005780323915333076,2201001
2.0630129624120585e-08,0.0001518734279841977,1.340725168983928e-05,3.717049580406091e-07,0.9998343269852383,2201012
3.112425182025994e-11,0.011440654554368788,2.2181964120028502e-11,0.953018387614976,0.03554095777734898,2202020
0.9367253576102323,0.04000820957969109,2.0346348683988456e-12,5.061996366766249e-08,0.023266382188078458,2202013
0.0029536009658632932,0.16728952336550457,6.160574305458243e-10,0.002657318116846827,0.8270995569357278,3601001
6.866420753649342e-08,0.0009960547946739583,0.00012102082280761923,3.688196789599554e-07,0.9988824868986319,4701003
3.112425182025994e-11,0.011440654554368788,2.2181964120028502e-11,0.953018387614976,0.03554095777734898,4701013
1.0829686449819721e-08,0.0012248251860459954,0.0003812712177349154,5.474818627631234e-07,0.9983933452846698,4701002
4.3500771835064116e-07,0.008041552783815142,3.203850460428102e-10,0.9500419298535218,0.04191608203455989,4801002
0.9654388538630756,0.020499687550597823,7.268741364469521e-13,2.243376549805215e-08,0.014061436151834115,6201008
9.813394086239407e-10,0.8598938756426147,0.00023845376304635084,0.134755201657437,0.005112467955562735,6201001
0.0009839908015443525,0.7023085388106921,5.688829049176053e-10,0.0012382960668381115,0.2954691737520425,6201004
3.576107616280686e-08,2.9258592415377584e-05,0.9932104428885095,2.6893080903031376e-06,0.006757573449908763,6801001
7.794614564750756e-07,0.00036420539554087305,0.21971875663696738,1.2904558913632698e-05,0.7799033539471216,8401006
1.472376732157222e-08,0.00010494235495752733,4.681009090472758e-05,2.741461006072573e-07,0.9998479586842698,8401007
0.012589859474085217,0.9804021881172066,0.0008438075427287409,0.0012829454029475167,0.004881199463031949,8401009
2.709540992648741e-06,0.0016081635681829659,0.9983839288662011,4.425162619707647e-06,7.728620036410092e-07,14501003
6.817260216330903e-08,0.11940765120674088,1.4683245844401368e-10,0.8231616755585089,0.05743060491531546,8702011
4.078509413902834e-07,0.0015324507315910988,7.842355473519625e-09,4.621350524528739e-07,0.9984666714400596,8702001
0.0009839908015443525,0.7023085388106921,5.688829049176053e-10,0.0012382960668381115,0.2954691737520425,8702052
0.0006525282425012043,0.9355767690537413,1.3830822504243934e-10,4.7485031695005565e-05,0.0637232175337541,8702055
2.63265253797144e-10,0.008533140894452017,3.0570095171095893e-09,0.9670127938030713,0.0244540619822019,8702019
0.0056649285742003145,0.653028775955509,6.55047762630499e-10,0.0014703025538891122,0.3398359922613536,8702032
4.281707547115335e-06,0.1446415822553928,3.166893968495791e-11,0.0025849672784753162,0.8527691687269159,8702049
0.0014989009357911183,0.8627046073191476,1.8586892081437182e-10,0.000438957523109255,0.1353575340360834,8702039
1.1547408939540047e-07,0.006274682279799913,1.35999560258585e-08,0.8709621562102474,0.12276303243590725,8702041
0.112820649862676,0.01696704806297734,7.897409213649016e-13,0.007827678409730008,0.862384623663827,8703111
0.9999999877527109,4.3770732457881934e-10,5.7671817657712675e-21,1.5046775152119932e-14,1.1809566522881469e-08,8703112
0.0012956108759070936,0.758217127940032,1.083349233940619e-09,0.006892828065568718,0.23359443203514282,8703114
4.281707547115335e-06,0.1446415822553928,3.166893968495791e-11,0.0025849672784753162,0.8527691687269159,8703108
0.00892377207938724,0.8295424723528148,2.213242496884949e-10,0.0005389852168617241,0.16099477012961216,8703007
0.06834999246719038,0.9298036114054645,2.029835352716107e-06,0.0008391854700362959,0.0010051808219560783,8703013
0.0012956108759070936,0.758217127940032,1.083349233940619e-09,0.006892828065568718,0.23359443203514282,8703101
0.0012956108759070936,0.758217127940032,1.083349233940619e-09,0.006892828065568718,0.23359443203514282,8703102
0.00892377207938724,0.8295424723528148,2.213242496884949e-10,0.0005389852168617241,0.16099477012961216,8703023
0.0012956108759070936,0.758217127940032,1.083349233940619e-09,0.006892828065568718,0.23359443203514282,8703026
1.1457440853783101e-05,0.31211602276153,1.817632788574127e-11,0.001609688289503161,0.6862628314899367,8703104
0.9367253576102323,0.04000820957969109,2.0346348683988456e-12,5.061996366766249e-08,0.023266382188078458,8703004
9.701090928090176e-10,0.005237194257288158,2.8495037959069843e-11,0.9821844727037368,0.012578332040370843,8703039
0.0009839908015443525,0.7023085388106921,5.688829049176053e-10,0.0012382960668381115,0.2954691737520425,8703040
0.882412697977005,0.09388571499023333,3.276127557362122e-12,1.1849203388806313e-08,0.02370157518028225,8703086
0.9999640622685589,3.6491419457785697e-06,4.953527945853371e-15,1.5345401405502016e-09,3.2287054950229836e-05,8703088
0.002586431499858948,0.9715132202985745,6.784816783793059e-11,2.1008037218889587e-05,0.025879340096499396,8703057
0.0006525282425012043,0.9355767690537413,1.3830822504243934e-10,4.7485031695005565e-05,0.0637232175337541,8703060
0.0010193041656651222,0.9516113935257585,7.821308393187174e-11,0.0001615480146781502,0.04720775421568503,8703061
0.0010193041656651222,0.9516113935257585,7.821308393187174e-11,0.0001615480146781502,0.04720775421568503,8703065
0.0009209491853913848,0.3684599289095199,6.021459630753564e-11,0.004278188913519803,0.6263409329313543,8703066
0.9367253576102323,0.04000820957969109,2.0346348683988456e-12,5.061996366766249e-08,0.023266382188078458,8703068
8.195335377825994e-11,0.011254631090745197,8.583914290214879e-11,0.9828558103514424,0.005889558390019905,8703032
2.3613972977248403e-07,0.0026911962487243296,2.810622843601095e-10,0.9529423152550369,0.04436625207544678,8703072
0.002586431499858948,0.9715132202985745,6.784816783793059e-11,2.1008037218889587e-05,0.025879340096499396,8703075
0.003966772172235479,0.918582874593259,1.6816384813672457e-10,5.953515586715678e-05,0.07739081791047447,8703076
0.0003276861146049509,0.9450450807358124,2.003763660843002e-10,5.5455880730307684e-05,0.05457177706847596,8703048
0.6709590437085516,0.2234283394836338,2.91111033827891e-11,3.4125242274958897e-07,0.1056122755262807,8703055
0.7817183037149881,0.10449646485707062,1.9842577655793017e-11,1.6000080229734306e-06,0.11378363140007582,8703056
4.3500771835064116e-07,0.008041552783815142,3.203850460428102e-10,0.9500419298535218,0.04191608203455989,8703034
0.000761381932413713,0.8814671344903767,2.7238060249043546e-10,0.000518542410121656,0.1172529408947074,8706009
0.000761381932413713,0.8814671344903767,2.7238060249043546e-10,0.000518542410121656,0.1172529408947074,8706010
0.0004752812389480404,0.8450424208616795,4.696749134815545e-10,0.00014862503821396508,0.1543336723914837,8706027
6.817260216330903e-08,0.11940765120674088,1.4683245844401368e-10,0.8231616755585089,0.05743060491531546,8706028
0.8944813229501994,0.058672203427982926,5.366838986068774e-12,2.2194247340889038e-08,0.046846451422203644,8706034
0.00892377207938724,0.8295424723528148,2.213242496884949e-10,0.0005389852168617241,0.16099477012961216,8706014
3.112425182025994e-11,0.011440654554368788,2.2181964120028502e-11,0.953018387614976,0.03554095777734898,8706017
0.0009839908015443525,0.7023085388106921,5.688829049176053e-10,0.0012382960668381115,0.2954691737520425,8706023
0.9999994747458917,1.159457454874787e-07,1.7411588807148307e-17,3.83931440574979e-13,4.093079789842536e-07,8707014
4.803193890387376e-11,0.0013164044785000486,1.0202207426773992e-11,0.9968118552774545,0.0018717401858112477,8707023
0.005843979341859887,1.3320517986314741e-05,2.4404062060306898e-11,1.3521596147338632e-09,0.9941426987635901,8707010
0.006208487962883398,0.9361439781914749,9.528140207896393e-11,0.000202937584966334,0.05744459616539402,8708008
0.0009839908015443525,0.7023085388106921,5.688829049176053e-10,0.0012382960668381115,0.2954691737520425,8709001
2.3613972977248403e-07,0.0026911962487243296,2.810622843601095e-10,0.9529423152550369,0.04436625207544678,8709004
1.0246701907916847e-10,0.09382681700761074,1.248245554443234e-10,0.7796403623028908,0.12653282046220699,8709026
8.373310550740407e-12,0.009047183320610238,9.54280303854307e-10,0.8854590614707952,0.10549375424594093,8709030
8.373310550740407e-12,0.009047183320610238,9.54280303854307e-10,0.8854590614707952,0.10549375424594093,8709032
5.4276768684448485e-11,0.0002979352649751117,1.075035233066853e-11,0.9982970046937263,0.0014050599762716685,8709018
1.0023959407154764e-10,0.0008925116086200208,1.2285413473600945e-11,0.9977766655295339,0.001330822749321124,8709019
2.3477917696832773e-11,0.06319266876230079,4.573547407980752e-09,0.6169340161859255,0.31987331045474837,8709020
2.3477917696832773e-11,0.06319266876230079,4.573547407980752e-09,0.6169340161859255,0.31987331045474837,8709022
0.0004752812389480404,0.8450424208616795,4.696749134815545e-10,0.00014862503821396508,0.1543336723914837,8709023
0.00011250595385118508,0.8199887841962842,1.3569457336948464e-09,0.006749190672327538,0.17314951782059151,8709024
0.0009839908015443525,0.7023085388106921,5.688829049176053e-10,0.0012382960668381115,0.2954691737520425,8709057
0.0014989009357911183,0.8627046073191476,1.8586892081437182e-10,0.000438957523109255,0.1353575340360834,8709058
1.0246701907916847e-10,0.09382681700761074,1.248245554443234e-10,0.7796403623028908,0.12653282046220699,8709015
0.0010193041656651222,0.9516113935257585,7.821308393187174e-11,0.0001615480146781502,0.04720775421568503,9901003
2.5996979264263284e-06,0.02468543044335548,0.027438672732064417,0.947634073592944,0.00023922353370970953,9901004
0.00892377207938724,0.8295424723528148,2.213242496884949e-10,0.0005389852168617241,0.16099477012961216,10101012
0.00892377207938724,0.8295424723528148,2.213242496884949e-10,0.0005389852168617241,0.16099477012961216,10101004
1.472376732157222e-08,0.00010494235495752733,4.681009090472758e-05,2.741461006072573e-07,0.9998479586842698,12601001
4.3525835570177635e-11,0.021220021676111724,0.00027941917016462283,0.9376803842516644,0.040820174858533405,12701008
6.072174491669851e-07,0.01488791742751892,0.004028353006641039,0.9330295699363151,0.04805355241207571,12701012
0.024994697209227222,0.9676468751042276,0.0005806716696713897,0.001095224179072204,0.005682531837801766,12701013
0.004129388331708414,0.989814414841989,0.00047964707415815876,0.0008773281231780263,0.004699221628966641,13402004
0.006208487962883398,0.9361439781914749,9.528140207896393e-11,0.000202937584966334,0.05744459616539402,13402005
2.6635722070274154e-06,0.0165363085330273,0.00039413406973558805,0.9820942199389802,0.0009726738860499724,13402014
0.024994697209227222,0.9676468751042276,0.0005806716696713897,0.001095224179072204,0.005682531837801766,13402020
4.3500771835064116e-07,0.008041552783815142,3.203850460428102e-10,0.9500419298535218,0.04191608203455989,13402026
0.13358636027520876,0.7954017036705047,0.00010287996973443208,0.07032028648943765,0.0005887695951144982,13402012
6.3998848794302566e-12,5.620888674521245e-10,0.9858750255466114,4.792300321570183e-09,0.014124969092599658,14401001
0.00042073620114582954,0.978490570524458,5.518236894849993e-11,1.6569734908786817e-05,0.021072123484305115,14501050
1.9673677335191645e-07,0.026371552443046772,0.0021954732873986273,0.8107990828754439,0.16063369465733726,14501028
6.209477760112992e-11,2.479401174851114e-08,0.9998737394118067,0.0001262356145228181,1.1756401433005544e-10,14501008
1.9673677335191645e-07,0.026371552443046772,0.0021954732873986273,0.8107990828754439,0.16063369465733726,14501020
0.0008330938355639167,0.78863779242601,0.004338441732783846,0.0007376200786423819,0.20545305192699972,14501022
0.9916523222232391,1.6811012848238281e-06,0.008311369672894713,3.457091436794317e-05,5.6088213711324734e-08,14501006
2.718095539074197e-11,1.3998064175092273e-06,0.9967158025405775,0.003282757651129608,3.997469443907294e-08,14501007
1.7751551832252644e-09,0.015544654725037584,3.226463483288917e-11,0.972651081391992,0.011804262075550657,17501004
0.0010305660173243103,0.9981629425122137,0.00012661014423461853,2.9444776055171763e-05,0.0006504365501721886,17501010
9.95224629804022e-07,0.009146389645656191,2.540718951933901e-10,0.9346193680491827,0.056233246826459436,17501002
1.7229786653211935e-09,1.4395217972027057e-05,0.9983107015524789,6.176644632280357e-06,0.0016687248619380055,19301001
9.95224629804022e-07,0.009146389645656191,2.540718951933901e-10,0.9346193680491827,0.056233246826459436,19301021
4.3500771835064116e-07,0.008041552783815142,3.203850460428102e-10,0.9500419298535218,0.04191608203455989,19301002
9.701090928090176e-10,0.005237194257288158,2.8495037959069843e-11,0.9821844727037368,0.012578332040370843,90501018
0.000761381932413713,0.8814671344903767,2.7238060249043546e-10,0.000518542410121656,0.1172529408947074,90501026
5.111369742245313e-07,0.14417470253234427,0.0011480880277221369,0.019123843370500535,0.8355528549324588,90501010
3.112425182025994e-11,0.011440654554368788,2.2181964120028502e-11,0.953018387614976,0.03554095777734898,90501014
0.0010193041656651222,0.9516113935257585,7.821308393187174e-11,0.0001615480146781502,0.04720775421568503,90501020
4.579877718725496e-07,5.6798205425514165e-05,0.9700010691090127,0.029941155157994014,5.195397958922016e-07,90501006
4.007192298213887e-08,0.03325748208300124,0.0022358162718878675,0.800735476260441,0.1637711853127471,90501009
0.0006408426953736251,0.00501419825149035,0.06668135135608688,0.9272966552567793,0.0003669524402698194,301024
0.16468648502944377,0.6688257429156705,0.134421478616079,0.031007348363010258,0.0010589450757963477,301027
5.103432948054789e-09,1.2335085844117911e-07,0.9999725045781394,5.62235971579784e-09,2.7361345209616143e-05,2201023
1.932375955597387e-07,0.0688037890943251,5.294692718896109e-08,0.9173434804832138,0.013852484237938322,301004
4.2793898859411615e-07,0.036858508541266044,3.90347719002826e-08,0.9554750486426602,0.007665975842313086,301005
0.1443169078505829,0.848882469492913,4.278743653785446e-05,0.006081224188938321,0.0006766110310281348,1101001
0.022607899140644334,0.9596442214326155,1.1231402586862917e-06,0.009136252970062144,0.008610503316419061,1101005
0.022607899140644334,0.9596442214326155,1.1231402586862917e-06,0.009136252970062144,0.008610503316419061,1101009
3.8104821691447895e-05,0.023102401953134663,0.0084470212018833,5.5554012911137054e-05,0.9683569180103795,1101011
2.05127157731531e-06,3.019930852338244e-05,0.947860509009624,2.7212817584754126e-07,0.052106968282099486,1401017
0.03816133489819324,0.8812595760108262,6.468061299610802e-07,0.00726038112620905,0.07331806115864155,1401012
0.9576253019941624,0.02923868222688,2.1748264922854165e-07,5.659709117085338e-06,0.013130138587191283,1401002
0.037965032008095936,0.941883209126174,4.918882770299366e-07,0.005524027961805418,0.014627239015647758,1401006
0.00022921308579718454,0.016780854015545042,2.3612866189414234e-06,0.9064823283662736,0.07650524324576523,1401007
0.717191865880635,0.27382573647382447,4.4590578894600474e-07,0.0022437495103163354,0.006738202229435097,2201009
4.2793898859411615e-07,0.036858508541266044,3.90347719002826e-08,0.9554750486426602,0.007665975842313086,2202017
0.00016514454651625677,0.002250627916071221,0.0024625843367179147,2.6431535362265602e-05,0.9950952116653322,2202026
0.004475338964062445,0.6543910926879557,1.421150915542061e-06,0.006402534164370358,0.33472961303269594,3601002
0.01930092822539759,0.7384450777143452,6.947683493126139e-07,0.009802669526710626,0.2324506297651973,4701007
0.01644063408960384,0.9412270184647838,0.012058746242704345,0.021775825133747814,0.008497776069160037,4701011
0.0008324013666119543,0.03978699244370088,1.3748576445165036e-06,0.9308194920106988,0.028559739321343734,4701021
4.2793898859411615e-07,0.036858508541266044,3.90347719002826e-08,0.9554750486426602,0.007665975842313086,4801001
0.023114760071286874,0.8783528176812984,1.867912127196686e-06,0.011894569748088701,0.0866359845871988,6201007
0.023114760071286874,0.8783528176812984,1.867912127196686e-06,0.011894569748088701,0.0866359845871988,8401017
0.00031032127484719184,0.025377955917304726,1.9652942554256447e-06,0.9637847418950481,0.010525015618544449,8401018
3.324361661990136e-05,0.0004217108126601027,0.0006484895892243008,6.957131029440478e-06,0.9988895988504662,8401002
0.00956405043930803,0.913034058413427,4.869358752560347e-07,0.0038688382980082777,0.0735325659133813,8401011
0.003294157072493461,0.9576766335957081,1.044019709510688e-06,0.007555885651743376,0.03147227966034554,8702025
0.004475338964062445,0.6543910926879557,1.421150915542061e-06,0.006402534164370358,0.33472961303269594,8702051
0.00948665489552361,0.9729515533144062,3.692114405109095e-07,0.0029348645296345395,0.014626558048995342,8702057
1.0410012861318651e-06,0.14193126420860902,1.1958963818481217e-07,0.8541075682890573,0.0039600069114093354,8702016
0.0048696019847761915,0.004374570275946163,0.00018709430545519945,1.446245718595669e-07,0.9905685888092506,8702030
0.023114760071286874,0.8783528176812984,1.867912127196686e-06,0.011894569748088701,0.0866359845871988,8702046
1.5602166912323e-05,0.0037033606204564355,7.755465489978072e-05,3.5736811476279514e-05,0.9961677457462551,8702048
1.932375955597387e-07,0.0688037890943251,5.294692718896109e-08,0.9173434804832138,0.013852484237938322,8702033
0.004475338964062445,0.6543910926879557,1.421150915542061e-06,0.006402534164370358,0.33472961303269594,8702034
0.002772477322897558,0.7894747721671895,7.441903992102667e-07,0.014840082555244825,0.19291192376426877,8702036
0.023114760071286874,0.8783528176812984,1.867912127196686e-06,0.011894569748088701,0.0866359845871988,8702040
1.2209654638351444e-06,0.058614224104624524,4.4984911536903816e-07,0.9336532131725418,0.007730891908254488,8702021
0.6795613986200877,0.1366027622374858,2.3253910808218787e-06,3.101198991052458e-05,0.18380250176143514,8703115
2.522751045028352e-06,0.001305580246846023,0.0032858495185838473,0.023891024449167513,0.9715150230343575,8703107
0.023114760071286874,0.8783528176812984,1.867912127196686e-06,0.011894569748088701,0.0866359845871988,8703096
0.009018881945527217,0.11133895777575843,1.0361950213725613e-06,0.00557570332113179,0.8740654207625611,8703100
0.01930092822539759,0.7384450777143452,6.947683493126139e-07,0.009802669526710626,0.2324506297651973,8703009
0.01930092822539759,0.7384450777143452,6.947683493126139e-07,0.009802669526710626,0.2324506297651973,8703012
0.012535066850990604,0.8205469200807785,1.730133319797818e-06,0.017681887847498943,0.1492343950874124,8703025
0.013370530679946866,0.9402826085662384,1.4106968395091572e-06,0.014424038033052899,0.03192141202392231,8703028
6.320536552022894e-07,0.14692928111543135,2.776634611600104e-08,0.8484124862940732,0.004657572770494133,8703103
0.0031031758393351224,0.8397460693053758,1.2865854823229205e-06,0.00930703231564978,0.14784243595415691,8703018
0.0030386969444566882,0.7602135302503328,3.6999234563808526e-06,0.012073944365046569,0.22467012851670753,8703019
0.004475338964062445,0.6543910926879557,1.421150915542061e-06,0.006402534164370358,0.33472961303269594,8703031
0.7188472646958644,0.08445602620138117,6.415238985139302e-07,1.1811410020782139e-05,0.1966842561688353,8703002
2.0884406297094288e-05,0.011457435737759059,7.146286776625138e-07,0.8591144715750015,0.12940649365226475,8703044
0.0005956809813983309,0.026502635762503206,1.2870829870857353e-06,0.8709840101592671,0.10191638601384435,8703046
0.00014482930633776857,0.009869567204686897,1.951792369893356e-06,0.748928138266131,0.24105551343047427,8703047
0.006526321541496403,0.35215344110193875,1.7870963866885933e-05,0.023772900988678812,0.6175294654040192,8703078
0.005741128903465808,0.9018654218939763,1.3936178346596286e-06,0.0062814441816692245,0.08611061140305402,8703089
0.8466672532246663,0.1068660543460838,5.775919220701232e-07,1.0639326112482737e-05,0.04645547551121535,8703092
0.9791008941026372,0.019517460345562183,3.5651031474652295e-08,1.6362086954154288e-06,0.0013799736920739173,8703059
0.00956405043930803,0.913034058413427,4.869358752560347e-07,0.0038688382980082777,0.0735325659133813,8703062
0.9051115831836415,0.06942722663081494,1.2950722213076702e-07,4.205135501674003e-06,0.025456855542819835,8703049
1.932375955597387e-07,0.0688037890943251,5.294692718896109e-08,0.9173434804832138,0.013852484237938322,8703053
0.9117423991299233,0.025912024227175715,2.70875060249284e-07,7.0458665505529395e-06,0.06233825990128988,8703003
1.1830199958141435e-07,0.04226900023707771,3.2501979105833073e-07,0.9534028594587396,0.004327696982392067,8703037
4.2793898859411615e-07,0.036858508541266044,3.90347719002826e-08,0.9554750486426602,0.007665975842313086,8706002
0.005600404191239556,0.32819026959531933,1.257377115212967e-06,0.010059416440666616,0.6561486523956593,8706004
3.0643926504335496e-08,0.0018229824971411476,0.0035816426145766824,0.011905693117736444,0.9826896511266193,8706040
0.0016560259110561712,0.4737731371986316,1.2751997351087403e-06,0.09029145111756368,0.4342781105730134,8706030
0.7188472646958644,0.08445602620138117,6.415238985139302e-07,1.1811410020782139e-05,0.1966842561688353,8706018
0.7312838351091704,0.012410799458030206,9.053735629382811e-07,1.4421415547512527e-05,0.25629003864368893,8706019
0.009984112049797003,0.03043844665426285,0.0006616231747763855,0.958202319150721,0.0007134989704429198,8706029
0.02226846815842108,0.9152997435064382,6.127513910243826e-07,0.008649534711325608,0.053781640872424194,8706035
0.005778345066627157,0.9438116948055536,1.1280399317580652e-06,0.006491992430668094,0.04391683965721937,8706024
0.023114760071286874,0.8783528176812984,1.867912127196686e-06,0.011894569748088701,0.0866359845871988,8707004
6.533268335184988e-05,0.033039297626825476,2.021470176886001e-05,0.00015235654878845148,0.9667227984392653,8707019
0.8958673147527405,0.04356218374259972,1.02054379637494e-06,1.9228338766031208e-05,0.06055025262209748,8707022
0.00878484660336685,0.31218630610905873,2.6641834570822823e-06,0.06020998012631424,0.618816202977803,8707016
0.16342329145590315,0.595493770465481,7.964357204714827e-05,0.00701723344501971,0.23398606106154907,8708012
9.072658730682626e-05,0.005234315549430451,0.017363646887071992,0.1462148330279984,0.8310964779481923,8708001
0.00014482930633776857,0.009869567204686897,1.951792369893356e-06,0.748928138266131,0.24105551343047427,8709009
2.0884406297094288e-05,0.011457435737759059,7.146286776625138e-07,0.8591144715750015,0.12940649365226475,8709010
4.2793898859411615e-07,0.036858508541266044,3.90347719002826e-08,0.9554750486426602,0.007665975842313086,8709028
0.005600404191239556,0.32819026959531933,1.257377115212967e-06,0.010059416440666616,0.6561486523956593,8709038
2.0884406297094288e-05,0.011457435737759059,7.146286776625138e-07,0.8591144715750015,0.12940649365226475,8709062
1.932375955597387e-07,0.0688037890943251,5.294692718896109e-08,0.9173434804832138,0.013852484237938322,8709014
0.023114760071286874,0.8783528176812984,1.867912127196686e-06,0.011894569748088701,0.0866359845871988,8709048
0.984716264875045,0.000244377823869076,9.050490721321384e-09,6.181922083102567e-07,0.01503873005838677,8709053
1.071525524556193e-05,0.0005234047561088975,0.9923833014468694,0.007039219922660777,4.3358619115443103e-05,9901001
9.7700554664494e-05,0.010434961368188033,0.005059912925611638,0.9558905464002112,0.028516878751324602,10101007
0.005113086386349423,0.9505764699236976,2.2004669025361667e-07,0.007738632003102545,0.036571591640160016,11101004
4.243190554198362e-05,0.0012639957172733598,0.9849234633959293,1.3075997986238642e-06,0.013768801381456499,11101003
0.010241639619975481,0.719316846781935,0.09833814654762914,0.01213268276229328,0.1599706842881672,12701002
8.74116450165177e-05,0.010949157570090719,3.452786120570415e-06,0.9601189438035239,0.028841034195248347,13402003
3.512024287794101e-11,9.216747476986176e-05,0.9924917513218081,0.00038091061551772293,0.007035170552784108,13402006
2.0884406297094288e-05,0.011457435737759059,7.146286776625138e-07,0.8591144715750015,0.12940649365226475,13402015
0.0003365880657723516,0.024238361201526937,0.00504591815969092,0.9687865646599796,0.0015925679130301526,13402016
0.02226846815842108,0.9152997435064382,6.127513910243826e-07,0.008649534711325608,0.053781640872424194,13402021
0.00019541146049453426,0.011726033765973176,0.006233796932934826,0.9364716320810326,0.04537312575956492,13402022
0.010965051739097183,0.8330188247379322,0.03585007964154616,0.009804853133885617,0.11036119074753867,14501017
0.01645233608417933,0.6753696705209705,0.04119922204978219,0.007017446552433566,0.25996132479263434,14501032
2.9513725696828605e-05,0.0011452770709367746,0.9537061036232573,5.6668721909297085e-05,0.045062436858199786,14501009
0.0001485388471891918,0.005028201019615623,0.017167633902003855,0.9747625051849027,0.00289312104628878,14501013
0.00030484137112932544,0.024140260169596486,1.069325972500362e-06,0.9099905783866611,0.0655632507466407,14501040
1.9581345324625794e-06,0.09367700724553829,7.195109896957909e-08,0.8820246690026227,0.024296293666207572,14501046
0.0011998121100223324,0.06655626361923928,0.04694233767924916,0.8505000745861929,0.034801512005296284,14501025
0.00022921308579718454,0.016780854015545042,2.3612866189414234e-06,0.9064823283662736,0.07650524324576523,14501033
0.005072889632198993,0.7997804398453182,0.00016348843998365716,0.008173668965514877,0.18680951311698432,14501034
0.0179422828215204,0.6346354296376457,1.8967610250202074e-06,0.012072599924230465,0.3353477908555784,15301004
0.0008324013666119543,0.03978699244370088,1.3748576445165036e-06,0.9308194920106988,0.028559739321343734,15301003
0.09647386433177581,0.8751182573389606,7.946718987794335e-05,0.014189841427203309,0.014138569712182244,15801001
4.96295177318344e-06,0.0015608814275256747,0.0013558038030351256,0.01737708584627278,0.9797012659713932,16501003
0.0005956809813983309,0.026502635762503206,1.2870829870857353e-06,0.8709840101592671,0.10191638601384435,16501001
0.0004232680550261979,0.04565917433298365,7.183980646693648e-06,0.804309131844709,0.1496012417866343,16501002
0.15257782941149864,0.8353890700409433,5.917773685909827e-05,0.008406766688767947,0.0035671561219310843,17501006
0.005072889632198993,0.7997804398453182,0.00016348843998365716,0.008173668965514877,0.18680951311698432,19301010
1.4641786920588151e-05,0.1098735140521903,6.446596884810961e-08,0.8886594433992092,0.0014523362957110794,19301011
0.9576253019941624,0.02923868222688,2.1748264922854165e-07,5.659709117085338e-06,0.013130138587191283,19301015
0.00014482930633776857,0.009869567204686897,1.951792369893356e-06,0.748928138266131,0.24105551343047427,19301022
1.3925005973602373e-05,0.0014255737752525816,0.9971971366418753,1.0975386574829116e-05,0.0013523891903236861,90501003
0.023114760071286874,0.8783528176812984,1.867912127196686e-06,0.011894569748088701,0.0866359845871988,90501038
0.033392178152285366,0.8949368791515369,0.013406698469489112,0.004027254172838298,0.05423699005385034,90501040
0.0011998121100223324,0.06655626361923928,0.04694233767924916,0.8505000745861929,0.034801512005296284,90501042
0.00016757559710691097,0.006057371477031519,0.993339426856712,6.624044093311195e-05,0.00036938562821645196,90501043
0.00011284736953769606,0.003555748451212413,0.01706199073192758,0.9683090029019832,0.010960410545339232,90501046
0.03816133489819324,0.8812595760108262,6.468061299610802e-07,0.00726038112620905,0.07331806115864155,90501012
1.4505446077732497e-06,0.0815681601200466,2.121370518765002e-08,0.9157592915289099,0.0026710765927304056,90501016
4.162406963408642e-05,0.02866623057667983,0.011488313565859309,0.819303719016888,0.14050011277093877,90501008
2.0884406297094288e-05,0.011457435737759059,7.146286776625138e-07,0.8591144715750015,0.12940649365226475,91101006
0.9989075896620749,0.0005366200669902789,1.2894104116457668e-06,1.9826062592100905e-05,0.0005346747979310713,301014
1.3086723102914852e-06,0.004799888246464097,0.0047473951787571364,0.9904457634218535,5.644480614972198e-06,301017
1.3086723102914852e-06,0.004799888246464097,0.0047473951787571364,0.9904457634218535,5.644480614972198e-06,301018
4.8520072297062325e-06,0.005829952902355531,0.009997701300007803,0.9841643472477806,3.1465426263438845e-06,301022
1.197892437699666e-10,6.274414389969874e-05,0.9789082140486444,0.02102882622907664,2.1545858996253747e-07,301025
1.925549560414418e-11,1.0942106327801538e-06,1.1599655060030577e-07,6.835111252501595e-08,0.9999987214224487,8708002
2.2401109706041623e-11,2.1443729730663704e-05,0.9850229138623975,0.014955283464608147,3.58920862653139e-07,14501004
0.04076077291280627,0.9580614496661112,6.46413132455921e-06,4.081062726095244e-07,0.00117090518348566,2101001
0.028148971378361958,0.9233060173145073,3.1636550543002266e-11,0.0005032487665913156,0.04804176250890274,301003
6.036449878231856e-16,2.714319950145876e-10,4.465885954456375e-05,4.271945360638618e-12,0.9999553408647508,301032
0.013525761364109976,0.935553774078552,7.454040227455907e-12,8.330059511456996e-05,0.050837163954769296,301033
0.017520153795794406,0.9598475023069076,6.442547236625848e-12,0.0003073150244757793,0.022325028866379812,1101006
0.9729044992828835,0.024237060367432697,4.930178534049775e-13,2.4450035582703748e-08,0.0028584158991553444,1401013
3.4628311364648406e-08,0.015116227344475099,2.8390836156623304e-11,0.9216599263222348,0.06322381167658798,1401014
2.691842795647148e-07,0.00664594450556595,0.00014661690956145715,0.9927937781120879,0.00041339128850522176,1401024
2.691842795647148e-07,0.00664594450556595,0.00014661690956145715,0.9927937781120879,0.00041339128850522176,1401025
0.9729044992828835,0.024237060367432697,4.930178534049775e-13,2.4450035582703748e-08,0.0028584158991553444,1401009
8.45435690257355e-09,0.006744784774984377,3.729753224654206e-11,0.8557519074078056,0.13750329932555558,1401010
3.4628311364648406e-08,0.015116227344475099,2.8390836156623304e-11,0.9216599263222348,0.06322381167658798,2101009
0.5900825232164572,0.2760066620198019,2.3666889295905102e-11,0.00199100157504083,0.13191981316503337,2201016
8.985542902456486e-10,3.6794758966163176e-06,1.2596938354614657e-11,3.00096137189121e-07,0.999996019516815,2201010
9.235801720045259e-08,0.0032506426900523267,2.41962464221005e-11,0.9169438851240893,0.07980537980364505,3601006
0.001991317765615564,0.8537481840279371,8.856473512132864e-12,0.0009272464568886856,0.14333325174070197,4701016
6.800072139184627e-05,0.9979619451776134,4.8776656194642665e-05,0.0014060122089453785,0.0005152652358545632,4801003
6.492811222622801e-10,0.027047701042072315,7.725942935075826e-12,0.9459816030170305,0.0269706952838902,6201002
2.5753005540111737e-08,0.02589746181167463,3.3819553399802267e-12,0.9677223882081596,0.00638012422377833,6201003
0.00017913312744078795,0.9755112943510447,3.653363180857793e-05,0.004046622469634818,0.02022641642007108,8401016
3.6672223775065214e-07,0.007062467508545761,1.7854923483552764e-11,0.9573648913003856,0.03557227445097603,8401013
0.00024130395406515175,8.035738513467924e-06,1.098624021875557e-12,1.2935893008248616e-10,0.9997506601769638,8701003
2.709103026443328e-08,0.00011753319690549309,6.80953905354844e-11,1.768669086150704e-05,0.9998647529531073,8701001
0.003114710994672846,0.9225167761171649,3.858297209189029e-12,0.00013390135354627216,0.07423461153075776,8702028
0.9655417682755251,6.992081025011812e-05,2.848053948159818e-15,3.773218098703629e-10,0.03438831053690035,8702054
5.254581691090991e-09,0.2525714225816932,5.6978056774651164e-12,0.6934678782297584,0.053960693928268806,8702004
0.008379385643273733,0.9680558216118476,1.5108985063022718e-12,5.063190303082641e-05,0.02351416084033696,8702010
0.015338472227385404,0.21266133689772077,3.794219259718342e-10,0.06866617022367112,0.7033340202718007,8702047
0.0013249129143799844,0.7171652985241842,8.831163128947261e-12,0.00021661196979885463,0.28129317658280584,8702035
0.028148971378361958,0.9233060173145073,3.1636550543002266e-11,0.0005032487665913156,0.04804176250890274,8702043
0.008379385643273733,0.9680558216118476,1.5108985063022718e-12,5.063190303082641e-05,0.02351416084033696,8702022
0.0009400544651090264,0.8498966920957667,2.0501077742854904e-12,0.00015079044549902668,0.14901246299157506,8702023
0.8668174662929917,0.08322172266705541,1.1589805705843573e-12,2.8538493131385377e-08,0.049960782500300664,8703109
0.0014899880152261778,0.8187966917078902,0.0022844283717525908,0.000504177642680397,0.17692471426245066,8703001
0.001991317765615564,0.8537481840279371,8.856473512132864e-12,0.0009272464568886856,0.14333325174070197,8703022
0.017520153795794406,0.9598475023069076,6.442547236625848e-12,0.0003073150244757793,0.022325028866379812,8703011
0.0005236839915666708,0.8504195703008774,1.187683951591406e-10,0.012187567870692377,0.13686917771809526,8703027
2.4259897117789606e-11,2.2884226210445524e-06,1.7800908082239518e-12,3.475409181305153e-06,0.9999942361421575,8703099
0.0005236839915666708,0.8504195703008774,1.187683951591406e-10,0.012187567870692377,0.13686917771809526,8703017
0.9633335614324384,0.03545625421917959,3.6234781454894338e-12,1.7006853503283364e-07,0.0012100142762234633,8703021
1.7122930686425026e-08,0.11083779619664101,1.94118628790325e-12,0.8270290332890239,0.062133153389463264,8703030
8.45435690257355e-09,0.006744784774984377,3.729753224654206e-11,0.8557519074078056,0.13750329932555558,8703041
9.754251017860444e-06,0.024004255722763296,3.9265769470390716e-11,0.9592359423857427,0.01675004760121036,8703045
0.993218877253181,0.006667356788461388,2.040517170348128e-14,3.2390056626220335e-10,0.00011376563443638198,8703080
0.013525761364109976,0.935553774078552,7.454040227455907e-12,8.330059511456996e-05,0.050837163954769296,8703081
0.013525761364109976,0.935553774078552,7.454040227455907e-12,8.330059511456996e-05,0.050837163954769296,8703082
3.0624320942816925e-06,0.9765855956575629,3.564563278312259e-10,0.004239262017504557,0.019172079536381916,8703091
0.9868856274353643,0.012107402268623375,1.0909749111989868e-13,1.2239437905442449e-09,0.0010069690719592516,8703093
3.6672223775065214e-07,0.007062467508545761,1.7854923483552764e-11,0.9573648913003856,0.03557227445097603,8703073
0.999988455450432,1.0457377069530867e-05,7.540566515817733e-16,1.0188054016017506e-11,1.087162309932452e-06,8703077
0.0009400544651090264,0.8498966920957667,2.0501077742854904e-12,0.00015079044549902668,0.14901246299157506,8703050
0.006561647029989647,0.9216064036126665,1.657629135036824e-11,0.0008188679669475007,0.07101308137381986,8703054
9.235801720045259e-08,0.0032506426900523267,2.41962464221005e-11,0.9169438851240893,0.07980537980364505,8703036
0.017520153795794406,0.9598475023069076,6.442547236625848e-12,0.0003073150244757793,0.022325028866379812,8706006
0.004672601991846896,0.9696116785856803,8.761729019048526e-11,0.004096357047201449,0.02161936228765401,8706008
6.40583230272941e-08,0.1358403346937022,4.124952276458921e-12,0.8292101814877894,0.034949419756060515,8706011
0.0009400544651090264,0.8498966920957667,2.0501077742854904e-12,0.00015079044549902668,0.14901246299157506,8706020
0.00024943780673885305,0.8541814279944598,2.7739414195942376e-11,0.001999752377281304,0.1435693817937805,8706041
0.0005236839915666708,0.8504195703008774,1.187683951591406e-10,0.012187567870692377,0.13686917771809526,8706026
0.008885559946429419,0.8896609803444573,1.7581549564934513e-11,0.000592732290863481,0.10086072740066833,8706013
0.001991317765615564,0.8537481840279371,8.856473512132864e-12,0.0009272464568886856,0.14333325174070197,8706015
2.53945705067652e-06,0.011421170275178638,5.500646145434317e-11,0.9497303023737216,0.03884598783904275,8707003
3.373832989456427e-08,0.009091371443656229,2.1339698045624393e-09,6.517905320587408e-06,0.9909020747787235,8707006
1.4036425211103632e-09,0.004373142872482992,7.97036644044477e-09,5.056938994621384e-05,0.9955762783635619,8707017
3.373832989456427e-08,0.009091371443656229,2.1339698045624393e-09,6.517905320587408e-06,0.9909020747787235,8707018
0.9900371211333926,0.00962039529637909,7.302794904012204e-14,3.497080452587657e-09,0.0003424800730747006,8707013
0.006561647029989647,0.9216064036126665,1.657629135036824e-11,0.0008188679669475007,0.07101308137381986,8707015
0.0028203089428707963,0.7239435792032546,3.833750468645314e-11,0.001338522294903534,0.27189758952063364,8707021
0.006561647029989647,0.9216064036126665,1.657629135036824e-11,0.0008188679669475007,0.07101308137381986,8707009
0.00018568257521212473,0.551074753987964,2.2659764474584816e-10,0.016434133359275432,0.43230542985095094,8708010
0.00010865710892126674,0.9883157755385311,7.250503841147569e-06,0.0024082447115112517,0.009160072137195057,8708007
0.001991317765615564,0.8537481840279371,8.856473512132864e-12,0.0009272464568886856,0.14333325174070197,8708009
9.235801720045259e-08,0.0032506426900523267,2.41962464221005e-11,0.9169438851240893,0.07980537980364505,8709007
6.40583230272941e-08,0.1358403346937022,4.124952276458921e-12,0.8292101814877894,0.034949419756060515,8709027
6.492811222622801e-10,0.027047701042072315,7.725942935075826e-12,0.9459816030170305,0.0269706952838902,8709029
1.1043185035475196e-15,5.9381387222578634e-05,3.460632855980325e-11,0.000543414279698483,0.9993972042984716,8709037
0.0028203089428707963,0.7239435792032546,3.833750468645314e-11,0.001338522294903534,0.27189758952063364,8709040
0.001991317765615564,0.8537481840279371,8.856473512132864e-12,0.0009272464568886856,0.14333325174070197,8709054
1.4679461855979601e-09,0.12895304866448903,8.565096710122174e-12,0.7367603454358129,0.1342866044231868,8709017
9.235801720045259e-08,0.0032506426900523267,2.41962464221005e-11,0.9169438851240893,0.07980537980364505,8709060
9.235801720045259e-08,0.0032506426900523267,2.41962464221005e-11,0.9169438851240893,0.07980537980364505,8709061
0.94428403899079,0.04960623649701738,2.3463808192147017e-13,8.174818633273354e-09,0.006109716337139328,8709046
5.581984633828869e-08,0.005326068264727067,1.814058358092177e-05,0.9936556701723085,0.0010000651595372776,10101001
6.492811222622801e-10,0.027047701042072315,7.725942935075826e-12,0.9459816030170305,0.0269706952838902,10101010
0.0028203089428707963,0.7239435792032546,3.833750468645314e-11,0.001338522294903534,0.27189758952063364,10101006
3.049367256017197e-09,0.14880487689375368,0.0007605773960892481,0.832920638296262,0.017513904364527995,12701009
3.049367256017197e-09,0.14880487689375368,0.0007605773960892481,0.832920638296262,0.017513904364527995,12701010
6.4579112958372764e-06,0.1311206143345907,0.007736346979882623,0.5931842005812159,0.26795238019301487,12702004
0.022926775310730407,0.7738051487915419,1.5571155621932408e-12,0.00012681903720107172,0.20314125685896947,12702005
0.0008579140290978396,0.9971407211214577,4.733182485469396e-06,0.0007162712249008922,0.0012803604420580782,13402001
0.0026163253786297223,0.9962029671007065,8.198897933187154e-06,0.0005854258458736757,0.0005870827768569302,13402002
0.008379385643273733,0.9680558216118476,1.5108985063022718e-12,5.063190303082641e-05,0.02351416084033696,14501051
8.866378068260385e-09,0.011814489282640318,1.279790460164977e-11,0.8805200172071109,0.10766548463107281,14501036
1.126417228605646e-08,0.032133146872300795,0.0018338318847719447,0.7975614517110756,0.16847155826767937,14501027
0.009149076699152854,0.9863169561771156,0.0007902641727579299,0.0016440752795139125,0.0020996276714595865,14501011
1.0995548321970787e-08,0.011795679842106905,1.7554259248457604e-07,0.935835309874189,0.052368823745563405,14501039
0.028148971378361958,0.9233060173145073,3.1636550543002266e-11,0.0005032487665913156,0.04804176250890274,14501042
1.126417228605646e-08,0.032133146872300795,0.0018338318847719447,0.7975614517110756,0.16847155826767937,14501018
0.0026163253786297223,0.9962029671007065,8.198897933187154e-06,0.0005854258458736757,0.0005870827768569302,14501035
3.378853439353624e-12,1.5419784842031687e-09,0.9871090808230919,6.5290412974676e-12,0.01289091762502174,14901002
1.7252034935000434e-08,0.06686039282054913,5.977730659198089e-12,0.8492925155913038,0.08384707433013432,14901004
2.435662608905942e-09,0.05551870065841066,5.386208963226894e-12,0.9331235204707787,0.011357776429762004,14901006
0.667829822117237,0.3183781490931724,0.013782925029762081,9.096141788207149e-06,7.618040373857081e-09,14901005
0.028148971378361958,0.9233060173145073,3.1636550543002266e-11,0.0005032487665913156,0.04804176250890274,15701001
0.0013249129143799844,0.7171652985241842,8.831163128947261e-12,0.00021661196979885463,0.28129317658280584,17501011
0.001991317765615564,0.8537481840279371,8.856473512132864e-12,0.0009272464568886856,0.14333325174070197,17501003
1.767679831324878e-07,0.041512931642317036,1.0327510428516963e-11,0.9515807459878634,0.006906145591508902,19301009
2.7878393247614868e-05,0.9604616863330054,9.486130865112926e-05,0.030881852515547512,0.008533721449548231,19301007
6.492811222622801e-10,0.027047701042072315,7.725942935075826e-12,0.9459816030170305,0.0269706952838902,19301017
0.028148971378361958,0.9233060173145073,3.1636550543002266e-11,0.0005032487665913156,0.04804176250890274,90501025
2.9435627877702525e-14,1.7602000213628396e-05,0.6324263106591917,0.011153153133728246,0.3564029342068368,90501004
2.435662608905942e-09,0.05551870065841066,5.386208963226894e-12,0.9331235204707787,0.011357776429762004,90501030
0.0028203089428707963,0.7239435792032546,3.833750468645314e-11,0.001338522294903534,0.27189758952063364,90501037
0.0008282974356468348,0.9433631916023458,0.012034824633743958,0.0036834294213181017,0.04009025690694527,90501039
5.494958346194013e-09,0.0007392640990349317,0.9992598397599817,5.654480202678336e-07,3.251980047459058e-07,90501044
2.53945705067652e-06,0.011421170275178638,5.500646145434317e-11,0.9497303023737216,0.03884598783904275,90501029
6.492811222622801e-10,0.027047701042072315,7.725942935075826e-12,0.9459816030170305,0.0269706952838902,90501034
0.006561647029989647,0.9216064036126665,1.657629135036824e-11,0.0008188679669475007,0.07101308137381986,90501022
4.088248812649241e-13,2.474227625423125e-05,0.9985902840431279,0.001377812262747539,7.161417461459937e-06,90501007
6.845188389879981e-07,0.001278502054959054,1.3896688250826333e-06,0.9987176900960084,1.7336613684286028e-06,91101002
0.0008593434038157299,0.054148091034259695,2.8286601028644768e-06,0.9449791257294482,1.0611172373520758e-05,91101004
