CC,MUN,LAT,LON,YEAR,SUP,NVIV,VAI,VPA,VAD,PMC,PMA,CON,PIS,PTP,PBA,CFU,CGO,GIM,PAR,MOB,JAR
301014,ALBOLOTE,440856.399,4126716.381,2011,14519.629999999997,61,0,1,1,0,0,0,0,1,0,0,0,0,1,1,1
301015,ALBOLOTE,440502.598,4126703.923,1986,6190.149999999999,13,1,0,0,0,0,0,1,0,0,0,0,0,0,0,0
301016,ALBOLOTE,440487.649,4126771.195,1986,5006.580000000001,10,1,0,0,0,0,0,1,0,0,0,0,0,0,0,1
301017,ALBOLOTE,440549.938,4126833.484,1986,5196.589999999997,10,1,0,0,0,0,0,1,0,0,0,0,0,0,0,1
301018,ALBOLOTE,440597.277,4126783.653,1986,5079.12,10,1,0,0,0,0,0,1,0,0,0,0,0,0,0,1
301019,ALBOLOTE,440975.994,4126811.06,1985,11385.67,24,1,0,0,0,0,0,1,0,0,0,0,0,0,0,1
301020,ALBOLOTE,440985.96,4126910.722,1988,8865.24,12,1,0,0,0,0,0,1,0,0,0,0,0,0,1,1
301021,ALBOLOTE,440896.264,4126920.689,1988,9261.59,13,1,0,0,0,0,0,1,0,0,0,0,0,0,0,1
301022,ALBOLOTE,440826.5,4126925.672,1988,8912.87,15,1,0,0,0,0,0,1,0,0,0,0,0,0,0,1
301023,ALBOLOTE,440721.855,4126910.722,1985,4222.69,9,1,0,0,0,0,0,1,0,0,0,0,0,0,0,1
301024,ALBOLOTE,440764.211,4126850.925,1985,6861.31,13,1,0,0,0,0,0,1,0,0,0,0,0,0,0,1
301025,ALBOLOTE,440674.515,4126870.858,1985,8485.560000000001,19,1,0,0,0,0,0,1,0,0,0,0,0,0,0,1
301026,ALBOLOTE,440828.992,4127007.893,1986,9446.0,26,0,0,1,0,0,0,1,0,0,0,0,0,0,0,1
301027,ALBOLOTE,441068.181,4126987.961,1976,11236.0,78,0,0,0,0,1,0,1,0,0,0,0,0,1,1,1
2201023,ATARFE,440127.81,4126980.272,2012,60180.88000000003,71,1,0,0,0,0,0,0,0,0,0,0,0,1,1,1
8709041,GRANADA,448555.671,4112918.561,2010,191625.17000000027,748,1,0,1,0,1,0,0,0,0,0,0,0,1,1,1
8708002,GRANADA,447749.212,4115785.736,2005,50845.0,359,0,0,1,0,1,0,1,0,0,0,0,0,1,1,1
14501004,OGIJARES,444425.041,4109529.329,2012,19958.24999999999,33,1,0,0,0,0,0,0,0,0,0,0,0,0,1,0
2101001,ARMILLA,445660.396,4112346.241,2001,7474.0,115,0,0,0,0,1,0,1,1,1,1,0,0,1,1,1
15001001,PADUL,443368.319,4099240.802,2019,541277.77,523,1,0,1,0,0,0,0,0,0,0,0,0,0,1,1
301004,ALBOLOTE,441877.955,4120560.585,1986,2029.0,33,0,0,0,1,0,0,1,0,0,0,0,0,0,0,1
301007,ALBOLOTE,442028.539,4122498.229,1998,4939.0,25,0,0,0,0,1,0,1,0,0,0,0,0,0,0,1
301008,ALBOLOTE,442094.352,4122404.818,2017,15458.0,147,0,0,0,0,1,0,1,1,0,0,0,0,1,1,1
301009,ALBOLOTE,442028.539,4122453.646,2004,1607.0,8,0,1,0,0,0,0,1,0,0,0,0,0,0,0,0
301011,ALBOLOTE,442096.475,4122568.288,2007,11876.0,62,0,0,0,0,1,0,1,1,0,0,0,0,1,1,1
301012,ALBOLOTE,442121.951,4122653.208,2008,4850.0,30,0,0,0,0,1,0,1,0,0,0,0,0,0,0,0
301029,ALBOLOTE,441729.608,4120561.254,1995,438.0,4,0,0,0,1,0,0,1,0,0,0,0,0,0,0,0
301003,ALBOLOTE,441550.31,4120244.796,2008,1046.0,28,0,0,0,1,0,0,1,0,0,0,0,0,0,0,0
301028,ALBOLOTE,441810.163,4123135.354,2007,76594.2999999999,136,1,0,0,0,0,0,0,0,0,0,0,0,1,1,1
301032,ALBOLOTE,442436.443,4119990.613,2004,8574.0,198,0,0,0,0,1,0,0,0,0,0,0,0,1,1,1
301033,ALBOLOTE,441830.338,4120354.901,2009,515.0,9,0,0,0,1,0,0,1,0,0,0,0,0,0,0,0
301005,ALBOLOTE,441487.75,4120912.295,1995,1904.0,34,0,0,0,1,0,0,1,0,0,0,0,0,0,0,0
301001,ALBOLOTE,442211.905,4120207.651,1993,6968.0,112,0,0,0,1,0,0,1,1,0,0,0,0,0,1,1
301002,ALBOLOTE,442070.15,4120083.078,1993,3273.0,59,0,0,0,1,0,0,1,0,0,0,0,0,0,0,0
1101001,ALFACAR,449824.975,4122249.103,2007,4880.0,54,0,0,1,0,0,0,1,0,0,0,0,0,0,1,0
1101002,ALFACAR,450201.649,4122041.759,1968,2061.0,7,1,0,0,0,0,0,1,0,0,0,0,0,0,0,1
1101004,ALFACAR,450414.538,4122272.7,2003,12884.0,33,0,1,0,0,0,0,0,0,0,0,0,0,0,1,0
1101005,ALFACAR,450579.788,4122365.984,1998,2192.0,11,0,0,0,0,1,0,1,1,0,0,0,0,0,0,0
1101009,ALFACAR,450690.813,4122439.72,1980,1030.0,4,0,0,1,0,0,0,1,0,0,0,0,0,0,0,0
1101010,ALFACAR,450636.266,4122492.247,1983,1219.0,8,0,0,0,0,1,0,1,0,0,0,0,0,0,1,1
1101011,ALFACAR,450815.081,4122464.188,1978,9863.0,54,0,0,1,0,0,0,1,1,0,0,0,0,1,1,1
1101014,ALFACAR,450785.759,4122741.713,1980,10169.0,20,0,0,1,0,0,0,1,1,1,0,0,0,0,1,1
1101003,ALFACAR,450438.366,4121772.212,1981,1503.0,4,0,1,0,0,0,0,1,0,0,0,0,0,0,0,1
1101006,ALFACAR,450698.32,4122264.731,1989,3933.0,13,1,0,0,0,0,0,1,0,0,0,0,0,0,1,1
1101008,ALFACAR,450898.269,4121938.624,1971,6495.0,49,0,0,0,0,1,0,1,1,1,1,0,0,0,1,1
1401017,ALHENDIN,441873.85,4106067.822,2002,79960.9,104,1,0,0,0,0,0,0,1,1,0,0,0,1,1,1
1401011,ALHENDIN,442415.011,4107345.207,1995,10838.0,100,0,0,1,0,0,0,0,0,0,0,0,0,0,1,0
1401012,ALHENDIN,442533.8,4106967.816,2008,2783.0,54,0,0,0,0,1,0,0,0,0,0,0,0,0,1,0
1401013,ALHENDIN,442564.285,4106937.33,2006,3665.0,49,0,0,0,0,1,0,1,0,0,0,0,0,0,1,1
1401014,ALHENDIN,442447.465,4106650.259,2006,2710.0,24,0,0,1,0,0,0,0,0,0,0,0,0,1,1,0
1401015,ALHENDIN,442295.974,4106663.918,2008,1225.0,28,0,0,0,1,0,0,1,0,0,0,0,0,0,0,0
1401018,ALHENDIN,440795.78,4106693.15,2008,3137.0,11,0,1,0,0,0,0,1,0,0,0,0,0,0,1,0
1401020,ALHENDIN,444152.686,4109524.362,1998,3384.0,22,0,0,1,0,0,0,1,0,0,0,0,0,0,0,0
1401021,ALHENDIN,444229.199,4109520.111,2002,5968.0,31,0,0,1,0,0,0,1,0,0,0,0,0,0,1,0
1401022,ALHENDIN,444304.728,4109508.309,2004,5317.0,33,0,0,1,0,0,0,1,0,0,0,0,0,0,0,1
1401023,ALHENDIN,444116.693,4109457.957,1992,7272.94,36,0,0,1,0,0,0,1,0,0,0,0,0,0,0,1
1401024,ALHENDIN,444087.583,4109366.693,1989,7369.0,32,0,0,1,0,0,0,1,0,0,0,0,0,0,1,1
1401025,ALHENDIN,444078.761,4109140.82,1999,3338.0,22,0,0,1,0,0,0,1,0,0,0,0,0,0,0,0
1401001,ALHENDIN,443506.027,4107308.089,2012,1921.0,39,0,0,0,1,0,0,0,0,0,0,0,0,0,1,1
1401002,ALHENDIN,443508.331,4107248.195,2008,2538.0,50,0,0,0,0,1,0,0,0,0,0,0,0,1,1,0
1401003,ALHENDIN,443400.061,4107282.749,2008,13363.0,324,0,0,0,0,1,0,1,0,0,0,0,0,1,1,0
1401004,ALHENDIN,443434.615,4107199.819,2008,6927.0,140,0,0,0,0,1,0,1,0,0,0,0,0,1,1,1
1401005,ALHENDIN,443342.47,4107328.822,2007,4401.0,19,0,1,0,0,0,0,0,0,0,0,0,0,0,1,0
1401006,ALHENDIN,443135.145,4107315.0,2006,3731.0,45,0,0,1,0,0,0,0,0,0,0,0,0,0,1,0
1401007,ALHENDIN,443100.59,4107174.479,1995,2328.0,21,0,0,1,0,0,0,1,0,0,0,0,0,0,1,0
1401008,ALHENDIN,443358.595,4106957.939,2008,22142.0,247,0,0,0,0,1,0,1,0,0,0,0,0,1,1,1
1401009,ALHENDIN,443245.718,4106826.633,2008,21404.0,256,0,0,0,0,1,0,1,0,0,0,0,0,1,1,1
1401010,ALHENDIN,442877.139,4107130.711,2003,1238.0,8,0,0,1,0,0,0,1,0,0,0,0,0,0,1,0
2101009,ARMILLA,445094.999,4111330.287,2006,3433.0,27,0,0,1,0,0,0,1,0,0,0,0,0,0,0,0
2101010,ARMILLA,445154.958,4111242.939,2007,4995.0,44,0,1,0,0,0,0,1,0,0,0,0,0,1,1,1
2101011,ARMILLA,444638.077,4110834.135,1993,3433.0,24,0,0,0,1,0,0,0,0,0,0,0,0,0,0,1
2101003,ARMILLA,445847.426,4111890.149,2007,4676.0,166,0,0,0,0,1,0,1,0,0,0,0,0,1,0,1
2101004,ARMILLA,445760.636,4111834.347,2010,3568.0,106,0,0,0,0,1,0,1,0,0,0,0,0,0,1,0
2101005,ARMILLA,446022.598,4111794.251,2003,2456.0,18,0,0,1,0,0,0,1,0,0,0,0,0,0,1,1
2101006,ARMILLA,445557.483,4111795.587,2007,10461.91,16,1,0,0,0,0,0,0,0,0,0,0,0,0,1,0
2101007,ARMILLA,445361.484,4111345.092,2005,2354.0,22,0,0,1,0,0,0,1,0,0,0,0,0,0,1,0
2101016,ARMILLA,445831.877,4111939.018,2011,1260.0,36,0,0,0,0,1,0,1,0,0,0,0,0,1,0,0
2101012,ARMILLA,444306.534,4110473.875,2006,1878.0,15,0,0,1,0,0,0,1,0,0,0,0,0,0,1,0
2101013,ARMILLA,444217.775,4110383.375,2003,4136.0,30,0,0,1,0,0,0,1,0,0,0,0,0,0,1,1
2201009,ATARFE,439242.666,4120091.988,2006,973.0,22,0,0,0,1,0,0,0,0,0,0,0,0,0,1,1
2201001,ATARFE,439293.525,4126415.929,2008,29944.42,124,0,0,1,0,0,0,1,1,1,1,0,0,1,1,1
2201011,ATARFE,438471.436,4119620.595,2004,1557.0,13,0,0,1,0,0,0,0,0,0,0,0,0,1,1,0
2201025,ATARFE,439252.852,4126576.923,2007,8620.0,53,0,0,0,0,1,0,1,1,0,0,0,0,1,1,1
2201016,ATARFE,439200.936,4119883.338,1991,1009.0,11,0,0,1,0,0,0,0,0,0,0,0,0,0,1,1
2201010,ATARFE,438720.27,4119928.159,1992,6263.94,54,0,0,1,0,0,0,0,0,0,0,0,0,1,1,0
2201012,ATARFE,438406.523,4119721.055,2007,1514.0,25,0,0,0,0,1,0,0,0,0,0,0,0,1,1,0
2201022,ATARFE,438302.971,4119515.497,2010,1003.0,26,0,0,0,1,0,0,1,0,0,0,0,0,0,0,0
2201007,ATARFE,439717.15,4120192.449,2007,1536.0,36,0,0,0,1,0,0,1,0,0,0,0,0,0,0,0
2202020,ATARFE,439230.302,4119680.871,2002,821.0,19,0,0,0,1,0,0,1,0,0,0,0,0,0,0,0
2202013,ATARFE,438340.064,4119323.849,2010,23505.62,144,0,0,0,0,1,0,1,1,0,0,0,0,0,1,1
2202017,ATARFE,438516.257,4119280.573,2008,1676.0,14,0,0,0,1,0,0,1,0,0,0,0,0,0,0,0
2202026,ATARFE,439026.147,4119468.163,2011,5009.68,18,0,0,1,0,0,0,0,0,0,0,0,0,1,1,0
3601001,CAJAR,449138.138,4110267.25,1993,5787.0,31,0,0,1,0,0,0,1,0,0,0,0,0,0,1,0
3601002,CAJAR,449305.441,4109791.378,1994,2005.0,38,0,0,0,1,0,0,1,0,0,0,0,0,0,1,0
3601003,CAJAR,449241.996,4109757.98,2002,1680.0,9,0,0,1,0,0,0,0,0,0,0,0,0,0,1,0
3601004,CAJAR,449302.101,4109368.971,2000,2800.0,22,0,0,1,0,0,0,1,0,0,0,0,0,0,1,0
3601005,CAJAR,449537.514,4108756.231,1993,2052.0,22,0,0,1,0,0,0,1,0,0,0,0,0,0,0,0
3601006,CAJAR,449093.402,4109714.576,1998,3950.13,28,0,0,1,0,0,0,1,0,0,0,0,0,0,0,0
3601007,CAJAR,448946.478,4109308.866,2004,5571.0,30,0,0,1,0,0,0,0,0,0,0,0,0,0,1,0
4701003,CENES_DE_LA_VEGA,451452.795,4113118.972,1995,5440.0,58,0,0,1,0,0,0,1,0,0,0,0,0,0,1,0
4701004,CENES_DE_LA_VEGA,451619.378,4113646.364,2000,15255.28,72,0,1,0,0,0,0,1,0,0,0,0,0,0,1,0
4701005,CENES_DE_LA_VEGA,451779.408,4113287.546,2003,9477.74,42,0,0,1,0,0,0,1,1,0,0,0,0,0,0,0
4701006,CENES_DE_LA_VEGA,451713.146,4113211.281,1994,1387.0,17,0,0,0,0,1,0,1,0,0,0,0,0,0,0,1
4701007,CENES_DE_LA_VEGA,451693.142,4113140.018,1992,1336.0,38,0,0,0,0,1,0,1,0,0,0,0,0,0,0,1
4701008,CENES_DE_LA_VEGA,451755.654,4113024.996,2001,5844.0,118,0,0,0,0,1,0,1,0,0,0,0,0,0,0,0
4701009,CENES_DE_LA_VEGA,451951.941,4113112.513,2004,3270.36,34,0,0,1,0,0,0,1,0,0,0,0,0,0,0,0
4701013,CENES_DE_LA_VEGA,452043.039,4113016.604,1992,2447.0,73,0,0,0,1,0,0,1,0,0,0,0,0,0,0,0
4701011,CENES_DE_LA_VEGA,452018.204,4112686.182,1994,2131.0,59,0,0,0,0,1,0,1,0,0,0,0,0,0,0,1
4701001,CENES_DE_LA_VEGA,451406.665,4112895.529,1991,2687.0,121,0,0,0,0,1,0,0,0,0,0,0,0,0,1,0
4701002,CENES_DE_LA_VEGA,451568.841,4112957.516,1986,8111.0,83,0,0,1,0,0,0,1,0,0,0,0,0,0,0,0
4701010,CENES_DE_LA_VEGA,451801.913,4112772.448,1990,1105.0,37,0,0,0,0,1,0,1,0,0,0,0,0,0,0,0
4701012,CENES_DE_LA_VEGA,452008.202,4113021.245,1995,924.0,32,0,0,0,0,1,0,1,0,0,0,0,0,0,0,0
4701016,CENES_DE_LA_VEGA,452405.353,4112529.473,1987,2860.0,15,0,0,0,0,1,0,1,1,0,0,0,0,0,1,0
4701018,CENES_DE_LA_VEGA,452771.135,4112484.401,1997,3051.0,77,0,0,0,1,0,0,1,0,0,0,0,0,0,0,0
4701019,CENES_DE_LA_VEGA,452774.602,4112397.722,2006,9397.0,36,0,0,1,0,0,0,1,0,0,0,0,0,0,0,0
4701020,CENES_DE_LA_VEGA,452724.328,4112368.252,2007,4046.0,20,0,0,1,0,0,0,1,1,0,0,0,0,0,0,0
4701021,CENES_DE_LA_VEGA,452840.477,4112399.456,2007,3825.0,20,0,0,1,0,0,0,1,0,0,0,0,0,0,0,0
4701022,CENES_DE_LA_VEGA,452868.214,4112645.622,1992,6118.629999999999,19,0,0,1,0,0,0,1,0,0,0,0,0,0,1,1
4701014,CENES_DE_LA_VEGA,452301.34,4112446.262,2005,4060.0,10,1,0,0,0,0,0,1,0,0,0,0,0,0,0,0
4701015,CENES_DE_LA_VEGA,452363.748,4112541.608,1994,2856.0,129,0,0,0,1,0,0,0,0,0,0,0,0,0,1,0
4701017,CENES_DE_LA_VEGA,452386.284,4112787.774,1992,3918.0,77,0,0,0,0,1,0,1,0,0,0,0,0,0,0,0
4801003,CIJUELA,427584.28,4116950.208,2007,2282.0,48,0,0,0,0,1,0,0,0,0,0,0,0,0,1,0
4801001,CIJUELA,428682.744,4117356.998,2010,2218.0,53,0,0,0,1,0,0,1,0,0,0,0,0,0,0,0
4801002,CIJUELA,428469.411,4116902.507,2007,3889.0,27,0,0,1,0,0,0,1,0,0,0,0,0,0,0,0
6201008,CHURRIANA_DE_LA_VEGA,442628.268,4111362.576,2003,1962.0,66,0,0,0,1,0,0,0,0,0,0,0,0,0,1,0
6201009,CHURRIANA_DE_LA_VEGA,442252.926,4111437.147,2006,2034.0,43,0,0,0,1,0,0,1,0,0,0,0,0,0,0,0
6201010,CHURRIANA_DE_LA_VEGA,442218.126,4111457.033,2007,1810.0,42,0,0,0,0,1,0,0,0,0,0,0,0,0,1,0
6201001,CHURRIANA_DE_LA_VEGA,443381.437,4111263.148,2006,4750.0,82,0,0,0,0,1,0,1,0,0,0,0,0,1,1,0
6201002,CHURRIANA_DE_LA_VEGA,443334.209,4111330.262,2008,2361.0,34,0,0,0,1,0,0,0,0,0,0,0,0,0,1,0
6201003,CHURRIANA_DE_LA_VEGA,443284.495,4111350.148,2008,2374.0,39,0,0,0,0,1,0,0,0,0,0,0,0,1,1,0
6201004,CHURRIANA_DE_LA_VEGA,443177.609,4111133.891,2008,4483.0,39,0,0,0,0,1,0,1,0,0,0,0,0,0,0,0
6201006,CHURRIANA_DE_LA_VEGA,443212.409,4111457.033,1995,2414.0,29,0,0,1,0,0,0,0,0,0,0,0,0,0,1,0
6201007,CHURRIANA_DE_LA_VEGA,442953.896,4111494.319,2004,1620.0,27,0,0,0,0,1,0,1,0,0,0,0,0,0,0,1
6801001,DILAR,445745.752,4104349.421,2015,43134.28,33,1,0,0,0,0,0,0,0,1,1,0,0,1,1,1
6801002,DILAR,443459.477,4101265.416,2020,616479.97,143,1,0,0,0,0,0,0,1,0,1,0,0,1,1,1
8401014,GOJAR,446345.997,4106764.15,2006,1996.0,41,0,0,0,1,0,0,1,0,0,0,0,0,0,1,0
8401016,GOJAR,446058.153,4106550.178,2004,2220.0,39,0,0,0,0,1,0,1,0,0,0,0,0,0,1,0
8401017,GOJAR,446132.024,4106539.989,2007,1342.0,23,0,0,0,0,1,0,1,0,0,0,0,0,0,1,0
8401018,GOJAR,446075.984,4106461.023,1995,2489.0,31,0,0,1,0,0,0,1,0,0,0,0,0,0,1,1
8401002,GOJAR,446328.166,4107767.781,2008,48897.81999999998,71,1,0,0,0,0,0,0,0,1,1,0,0,0,1,1
8401005,GOJAR,446707.711,4107688.815,2017,100573.41999999997,95,1,0,0,0,0,0,0,0,0,0,0,0,1,1,1
8401006,GOJAR,446804.508,4107041.805,2017,149386.47999999984,138,1,0,0,0,0,0,0,0,0,0,0,0,0,1,1
8401007,GOJAR,446985.366,4106990.859,2002,7829.589999999999,13,1,0,0,0,0,0,0,0,0,0,0,0,0,1,0
8401009,GOJAR,446190.612,4107133.507,2008,3971.0,15,0,1,0,0,0,0,0,0,0,0,0,0,0,1,0
8401011,GOJAR,446412.226,4106583.293,1997,2944.0,95,0,0,0,0,1,0,1,0,0,0,0,0,0,0,0
8401012,GOJAR,446256.842,4106860.947,2000,6791.0,95,0,0,0,1,0,0,1,0,0,0,0,0,0,1,1
8401013,GOJAR,446264.483,4106784.529,2001,6487.0,69,0,0,1,0,0,0,0,0,0,0,0,0,0,1,0
8401019,GOJAR,446638.935,4105994.87,2007,4407.0,19,0,0,1,0,0,0,1,0,0,0,0,0,0,0,0
8401020,GOJAR,446455.53,4105544.0,2010,70503.45000000006,72,1,0,0,0,0,0,0,1,0,1,0,0,0,1,0
14501001,OGIJARES,443900.536,4108169.717,2008,4559.0,16,0,0,1,0,0,0,1,0,0,0,0,0,0,1,0
14501002,OGIJARES,444357.647,4108234.181,2000,3477.0,15,0,1,0,0,0,0,0,0,0,0,0,0,0,1,0
14501003,OGIJARES,444152.533,4108770.407,1986,6213.79,15,0,0,1,0,0,0,1,0,0,0,0,0,0,1,1
8701002,GRANADA,445233.44,4115089.861,1995,3013.0,25,0,0,1,0,0,0,1,0,0,0,0,0,0,1,1
8701003,GRANADA,446134.396,4114396.341,1986,1958.0,95,0,0,0,1,0,0,0,0,0,0,0,0,0,1,1
8701001,GRANADA,445673.721,4114555.204,2017,5624.0,159,0,0,0,0,1,0,1,0,0,0,0,0,1,1,1
8702014,GRANADA,446565.492,4113377.918,1984,6956.0,95,0,0,0,0,1,0,1,0,0,0,0,0,0,1,1
8702011,GRANADA,446363.664,4113453.726,1990,6782.570000000001,123,0,0,0,0,1,0,1,0,0,0,0,0,0,1,1
8702001,GRANADA,446820.484,4113628.971,1992,5005.0,51,0,0,0,1,0,0,1,0,0,0,0,0,0,0,0
8702025,GRANADA,446676.743,4113142.616,1983,4050.0,44,0,0,0,0,1,0,1,1,0,0,0,0,0,1,1
8702026,GRANADA,446744.675,4113090.437,1985,9214.0,111,0,0,0,0,1,0,1,0,0,0,0,0,1,1,1
8702027,GRANADA,446792.917,4113088.468,2003,2958.0,59,0,0,0,0,1,0,1,0,0,0,0,0,0,1,1
8702028,GRANADA,447007.543,4112815.754,1981,2360.0,45,0,0,0,1,0,0,0,0,0,0,0,0,0,1,1
8702029,GRANADA,447068.584,4112813.785,1980,4209.0,108,0,0,0,1,0,0,0,0,0,0,0,0,0,1,1
8702051,GRANADA,446837.056,4111657.088,2009,5816.0,126,0,0,0,0,1,0,1,1,0,0,0,0,0,1,1
8702052,GRANADA,446736.943,4111639.721,2017,3218.0,120,0,0,0,0,1,0,1,0,0,0,0,0,0,0,1
8702053,GRANADA,446631.756,4111647.813,2014,5309.0,202,0,0,0,0,1,0,1,1,0,0,0,0,0,1,1
8702054,GRANADA,446473.975,4111657.927,2006,15181.0,315,0,0,0,0,1,0,1,0,0,0,0,0,1,1,1
8702055,GRANADA,446518.477,4111732.772,2008,7503.0,159,0,0,0,0,1,0,1,1,0,0,0,0,1,1,1
8702056,GRANADA,446265.624,4111649.836,2015,2640.0,64,0,0,0,0,1,0,1,1,0,0,0,0,0,1,1
8702057,GRANADA,446168.528,4111684.224,2006,3965.0,61,0,0,0,0,1,0,1,1,0,0,0,0,0,1,1
8702012,GRANADA,446344.958,4113294.233,1985,8206.0,177,0,0,0,0,1,0,0,0,0,0,0,0,0,1,1
8702013,GRANADA,446451.287,4113324.753,1985,3395.0,77,0,0,0,1,0,0,1,0,0,0,0,0,0,0,0
8702015,GRANADA,446483.776,4113253.868,1979,6145.0,124,0,0,0,0,1,0,1,0,1,0,0,0,1,1,1
8702016,GRANADA,446409.937,4113250.914,1982,4189.0,75,0,0,0,1,0,0,1,0,0,0,0,0,0,1,1
8702017,GRANADA,446537.925,4113181.997,1983,2793.0,64,0,0,0,1,0,0,1,0,0,0,0,0,0,1,1
8702018,GRANADA,446508.389,4113154.431,1986,2967.0,79,0,0,0,1,0,0,1,0,0,0,0,0,0,0,0
8702019,GRANADA,446428.643,4113077.638,1980,7099.0,124,0,0,0,0,1,0,1,0,0,0,0,0,1,1,1
8702030,GRANADA,446569.43,4112804.925,1986,5149.0,103,0,0,0,0,1,0,0,0,0,0,0,0,0,1,1
8702031,GRANADA,446514.297,4112872.857,1983,3251.0,86,0,0,0,0,1,0,0,0,0,0,0,0,0,1,1
8702002,GRANADA,446052.555,4113878.056,2003,3427.0,81,0,0,0,0,1,0,1,0,0,0,0,0,1,1,1
8702004,GRANADA,446140.177,4113563.993,1989,2544.0,36,0,0,0,0,1,0,0,0,0,0,0,0,1,1,1
8702005,GRANADA,445964.932,4113492.123,1998,5306.0,57,0,0,0,0,1,0,1,0,0,0,0,0,0,1,1
8702006,GRANADA,445938.35,4113374.964,1997,3588.0,25,0,0,1,0,0,0,1,0,0,0,0,0,0,1,1
8702007,GRANADA,446002.344,4113428.128,2000,2139.0,24,0,0,1,0,0,0,1,0,0,0,0,0,0,0,0
8702008,GRANADA,446025.973,4113438.958,1998,2158.0,16,0,0,1,0,0,0,1,0,0,0,0,0,0,0,0
8702009,GRANADA,446186.45,4113427.144,1989,1643.2299999999998,639,0,0,0,0,1,0,0,0,0,0,0,0,0,1,1
8702010,GRANADA,445978.715,4113282.419,1996,2234.0,35,0,0,0,0,1,0,1,0,0,0,0,0,0,1,1
8702032,GRANADA,446339.051,4112735.023,1992,2253.0,7,0,0,1,0,0,0,1,0,0,0,0,0,0,1,1
8702046,GRANADA,446119.075,4112147.366,1994,3231.0,28,0,0,0,0,1,0,1,0,0,0,0,0,0,0,0
8702047,GRANADA,446098.739,4112109.905,1995,2474.0,65,0,0,0,0,1,0,1,0,0,0,0,0,0,1,1
8702048,GRANADA,446301.025,4112199.81,1980,9341.0,250,0,0,0,0,1,0,0,0,0,0,0,0,0,1,1
8702049,GRANADA,447054.512,4112219.076,1993,3715.0,89,0,0,0,1,0,0,1,0,0,0,0,0,0,0,0
8702050,GRANADA,447199.002,4112216.935,1993,3753.0,89,0,0,0,1,0,0,1,0,0,0,0,0,0,0,0
8702033,GRANADA,446082.09,4112851.197,1999,2428.0,66,0,0,0,1,0,0,1,0,0,0,0,0,0,0,0
8702034,GRANADA,446061.415,4112826.584,2000,1957.0,65,0,0,0,1,0,0,0,0,0,0,0,0,0,1,1
8702035,GRANADA,446057.692,4112794.891,2013,773.0,20,0,0,0,1,0,0,1,0,0,0,0,0,0,0,0
8702036,GRANADA,446067.7,4112719.974,2016,1563.0,34,0,0,0,1,0,1,1,0,0,0,0,0,1,1,1
8702037,GRANADA,446051.646,4112694.287,2017,1584.0,35,0,0,0,1,0,1,1,0,0,0,0,0,1,1,1
8702038,GRANADA,445957.46,4112639.701,2006,14250.0,333,0,0,0,0,1,0,1,0,0,0,1,0,1,1,1
8702039,GRANADA,445855.782,4112654.686,2006,1360.0,44,0,0,0,0,1,0,0,0,0,0,0,0,1,1,0
8702040,GRANADA,445808.689,4112595.819,2010,1425.0,36,0,0,0,0,1,0,0,0,0,0,0,0,0,1,1
8702041,GRANADA,445863.274,4112560.5,2003,2628.0,61,0,0,0,1,0,0,1,0,0,0,0,0,0,0,0
8702042,GRANADA,445837.587,4112527.32,2007,1997.0,61,0,0,0,1,0,0,1,1,0,0,0,0,1,1,0
8702043,GRANADA,445829.025,4112472.735,2018,1201.0,24,0,0,0,0,1,0,1,0,0,0,0,0,0,0,0
8702044,GRANADA,445898.594,4112480.228,2007,7270.0,137,0,0,0,0,1,0,1,0,0,0,0,0,1,1,1
8702045,GRANADA,445801.197,4112367.847,1976,15765.0,243,0,0,0,0,1,0,1,0,0,0,0,0,1,1,1
8702020,GRANADA,446952.41,4113450.773,1982,6036.0,66,0,0,0,0,1,0,1,0,0,0,0,0,0,1,1
8702021,GRANADA,447013.45,4113360.196,1982,4801.0,55,0,0,0,0,1,0,1,0,0,0,0,0,0,1,1
8702022,GRANADA,446775.196,4113292.264,1987,2865.0,72,0,0,0,0,1,0,0,0,0,0,0,0,1,1,1
8702023,GRANADA,446749.598,4113205.626,1985,7195.0,119,0,0,0,0,1,0,1,0,0,0,0,0,1,1,1
8702024,GRANADA,446811.623,4113162.307,1984,5427.0,148,0,0,0,0,1,0,0,0,0,0,0,0,0,1,1
8703111,GRANADA,446876.47,4115747.817,2001,7901.0,35,0,0,1,0,0,0,1,0,0,0,0,0,0,1,1
8703112,GRANADA,447055.796,4115703.8,1984,7007.14,43,0,1,0,0,0,0,0,1,0,0,0,0,0,0,1
8703113,GRANADA,446992.217,4115871.715,1992,24413.0,59,0,0,1,0,0,0,1,1,0,0,0,0,0,1,1
8703114,GRANADA,447243.274,4115786.943,1989,5576.0,28,0,0,1,0,0,0,1,0,0,0,0,0,0,1,1
8703115,GRANADA,446069.644,4117458.404,2002,4346.0,105,0,0,0,1,0,0,0,0,0,0,0,0,0,1,1
8703110,GRANADA,446457.498,4115570.121,1981,13812.0,350,0,0,0,0,1,0,1,0,0,0,0,0,1,1,1
8703108,GRANADA,446053.199,4115749.447,1977,2283.0,80,0,0,0,1,0,0,1,0,0,0,0,0,0,0,0
8703109,GRANADA,446315.668,4115568.49,1968,5607.0,150,0,0,0,0,1,0,1,0,0,0,0,0,1,0,0
8703106,GRANADA,446470.54,4116230.368,1987,9326.0,267,0,0,0,0,1,0,0,0,0,0,0,0,0,1,1
8703107,GRANADA,446480.322,4116103.209,1960,1809.58,24,0,0,1,0,0,0,0,0,0,0,0,0,0,1,1
8703096,GRANADA,445476.094,4116590.65,1998,3373.0,65,0,0,0,0,1,0,0,0,0,0,0,0,0,1,1
8703097,GRANADA,445802.142,4116817.254,2000,1754.0,58,0,0,0,0,1,0,1,0,0,0,0,0,0,0,0
8703105,GRANADA,446248.828,4116574.348,1985,9282.0,260,0,0,0,0,1,0,0,0,0,0,0,0,0,1,1
8703001,GRANADA,444318.863,4117856.968,2006,5852.0,143,0,0,0,0,1,0,1,0,0,0,0,0,0,0,1
8703100,GRANADA,446473.801,4116828.665,1970,4179.0,80,0,0,0,0,1,0,0,0,0,0,0,0,0,1,1
8703022,GRANADA,446784.265,4117399.811,1977,4632.0,88,0,0,0,0,1,0,0,0,0,0,0,0,0,1,1
8703005,GRANADA,446853.536,4117894.433,1971,1844.0,56,0,0,0,0,1,0,0,0,0,0,0,0,0,1,1
8703006,GRANADA,446853.536,4117840.386,1971,2315.0,56,0,0,0,0,1,0,0,0,0,0,0,0,0,1,1
8703007,GRANADA,446860.742,4117768.323,1971,3092.0,64,0,0,0,0,1,0,0,0,0,0,0,0,0,1,1
8703008,GRANADA,446803.092,4117761.117,1971,1454.0,24,0,0,0,0,1,0,0,0,0,0,0,0,0,1,1
8703009,GRANADA,446770.99,4117628.439,1977,1080.0,40,0,0,0,0,1,0,0,0,0,0,0,0,0,1,1
8703010,GRANADA,446770.99,4117606.314,1977,1008.0,40,0,0,0,0,1,0,0,0,0,0,0,0,0,1,1
8703011,GRANADA,446816.715,4117628.439,1977,1160.0,40,0,0,0,0,1,0,0,0,0,0,0,0,0,1,1
8703012,GRANADA,446821.14,4117603.364,1977,1172.0,40,0,0,0,0,1,0,0,0,0,0,0,0,0,1,1
8703013,GRANADA,446865.391,4117612.214,1976,1605.0,80,0,0,0,0,1,0,0,0,0,0,0,0,0,1,1
8703101,GRANADA,446503.145,4117105.806,1971,5322.0,64,0,0,0,0,1,0,0,0,0,0,0,0,0,1,1
8703102,GRANADA,446568.355,4117123.739,1971,4376.0,72,0,0,0,0,1,0,0,0,0,0,0,0,0,1,1
8703023,GRANADA,446427.311,4117455.862,1976,1795.0,122,0,0,0,0,1,0,0,0,0,0,0,0,0,1,1
8703024,GRANADA,446402.236,4117458.812,1975,1742.0,128,0,0,0,1,0,0,0,0,0,0,0,0,0,1,1
8703025,GRANADA,446409.611,4117401.286,1976,851.0,80,0,0,0,0,1,0,0,0,0,1,0,0,0,1,1
8703026,GRANADA,446520.237,4117458.812,1977,1016.0,48,0,0,0,0,1,0,0,0,0,0,0,0,0,1,1
8703027,GRANADA,446524.662,4117398.336,1974,1762.0,128,0,0,0,0,1,0,0,0,0,0,0,0,0,1,1
8703028,GRANADA,446425.836,4117303.935,1977,3105.0,72,0,0,0,0,1,0,0,0,0,0,0,0,0,1,1
8703098,GRANADA,445981.469,4116838.447,1987,22702.319999999992,248,0,0,0,0,1,0,0,0,0,0,0,0,1,1,1
8703099,GRANADA,446023.855,4116734.112,1987,10844.15,128,0,0,0,0,1,0,0,0,0,0,0,0,0,1,1
8703103,GRANADA,445604.883,4116052.672,1982,4102.0,165,0,0,0,1,0,0,1,0,0,0,0,0,0,0,0
8703104,GRANADA,445640.749,4116015.176,1975,7602.0,233,0,0,0,1,0,0,1,0,1,1,0,0,1,1,1
8703004,GRANADA,445941.698,4118559.027,2011,9811.0,300,0,0,0,1,0,0,1,1,0,0,0,0,0,1,1
8703014,GRANADA,447192.844,4117944.092,1983,18308.0,322,0,0,0,0,1,0,0,0,0,0,0,0,0,1,1
8703015,GRANADA,447337.396,4117978.017,2005,4545.0,119,0,0,0,0,1,0,1,0,0,0,0,0,1,1,1
8703016,GRANADA,447276.92,4117889.517,1995,4630.0,86,0,0,0,0,1,0,1,0,0,0,0,0,1,1,1
8703017,GRANADA,447325.596,4117876.241,1996,4474.0,85,0,0,0,0,1,0,1,0,0,0,0,0,0,1,1
8703018,GRANADA,447074.843,4117857.066,1994,4783.0,97,0,0,0,0,1,0,1,0,0,0,0,0,0,1,1
8703019,GRANADA,447064.518,4117764.14,1992,3729.0,52,0,0,0,0,1,0,1,0,0,0,0,0,0,1,1
8703020,GRANADA,447142.694,4117646.139,1980,18718.0,399,0,0,0,0,1,0,0,0,0,0,0,0,0,1,1
8703021,GRANADA,447235.62,4117677.114,1984,3843.0,106,0,0,0,0,1,0,0,0,0,0,0,0,0,1,1
8703030,GRANADA,445921.381,4117585.663,1998,8425.0,231,0,0,0,0,1,0,1,0,0,0,0,0,0,1,1
8703031,GRANADA,446191.309,4117401.286,2002,5998.0,128,0,0,0,1,0,0,0,0,0,0,0,0,0,1,1
8703002,GRANADA,445034.149,4118145.46,2001,4742.0,123,0,0,0,1,0,0,0,0,0,0,0,0,0,1,1
8703039,GRANADA,445776.83,4117532.563,1993,4007.0,124,0,0,0,1,0,0,0,0,0,0,0,0,0,1,1
8703040,GRANADA,445710.454,4117495.687,1993,4168.0,40,0,0,1,0,0,0,1,0,0,0,0,0,0,1,1
8703041,GRANADA,445745.854,4117427.837,1994,3197.0,32,0,0,1,0,0,0,0,0,0,0,0,0,0,1,1
8703042,GRANADA,445779.78,4117367.361,1997,3096.0,28,0,0,1,0,0,0,0,0,1,0,0,0,0,1,0
8703043,GRANADA,445416.926,4117643.189,1994,2775.0,26,0,0,1,0,0,0,1,0,0,0,0,0,0,1,1
8703044,GRANADA,445521.652,4117632.864,1995,3301.0,34,0,0,1,0,0,0,1,0,0,0,0,0,1,1,1
8703045,GRANADA,445474.452,4117535.513,1993,3882.0,36,0,0,1,0,0,0,0,0,0,0,0,0,1,1,1
8703046,GRANADA,445654.403,4117373.261,1994,3024.0,26,0,0,1,0,0,0,0,0,0,0,0,0,0,1,1
8703047,GRANADA,445682.429,4117321.636,1997,3096.0,28,0,0,1,0,0,0,0,0,0,0,0,0,0,1,1
8703078,GRANADA,444572.942,4116735.742,2000,3495.0,94,0,0,0,0,1,0,1,0,0,0,0,0,0,1,1
8703079,GRANADA,444649.563,4116758.565,2009,6957.0,112,0,0,0,0,1,1,1,0,0,0,0,0,1,0,0
8703080,GRANADA,444713.142,4116783.019,1998,3728.0,98,0,0,0,0,1,0,1,0,0,0,0,0,0,0,1
8703081,GRANADA,444753.898,4116743.893,1998,1948.0,89,0,0,0,0,1,0,1,0,0,0,0,0,0,0,0
8703082,GRANADA,444701.731,4116646.079,1998,2815.0,96,0,0,0,0,1,0,1,0,0,0,0,0,1,0,1
8703083,GRANADA,444620.219,4116649.339,1996,2335.0,64,0,0,0,0,1,0,1,0,0,0,0,0,0,1,0
8703084,GRANADA,444651.193,4116569.457,2006,2852.0,84,0,0,0,0,1,0,1,0,0,0,0,0,0,1,1
8703085,GRANADA,444724.554,4116507.508,1996,4853.0,161,0,0,0,1,0,0,1,0,0,0,0,0,0,1,1
8703089,GRANADA,445216.886,4117068.311,1997,3555.0,95,0,0,0,1,0,0,0,0,0,0,0,0,1,1,0
8703090,GRANADA,445246.231,4117035.706,1997,2898.0,76,0,0,0,1,0,0,1,1,0,0,0,0,0,1,1
8703091,GRANADA,445275.575,4116993.32,1998,2099.0,82,0,0,0,0,1,0,0,0,0,0,0,0,0,1,1
8703092,GRANADA,445313.07,4116929.74,2002,4610.0,134,0,0,0,0,1,0,1,0,0,0,0,0,0,1,1
8703093,GRANADA,445355.457,4117125.369,2003,1555.0,58,0,0,0,0,1,0,1,0,0,0,0,0,1,1,1
8703094,GRANADA,445368.499,4117262.309,2004,1116.0,40,0,0,0,1,0,0,1,0,0,0,0,0,0,0,0
8703095,GRANADA,445733.672,4116923.219,1997,2141.0,48,0,0,0,0,1,0,0,0,0,0,0,0,0,1,1
8703029,GRANADA,445856.48,4117696.29,2001,6417.0,132,0,0,0,0,1,0,0,0,0,0,0,0,1,1,1
8703086,GRANADA,444983.762,4116701.507,2001,3000.0,124,0,0,0,1,0,0,0,0,0,0,0,0,0,1,0
8703088,GRANADA,445282.096,4116246.67,1996,13983.0,55,0,1,1,1,0,0,1,1,0,0,0,0,0,1,1
8703057,GRANADA,444737.596,4117276.981,2004,2273.0,36,0,0,0,0,1,0,1,0,0,0,0,0,0,1,1
8703058,GRANADA,444779.982,4117365.014,2008,3961.0,68,0,0,0,0,1,0,1,1,0,0,0,0,1,1,1
8703059,GRANADA,444804.436,4117330.779,2017,2424.0,36,0,0,0,0,1,0,1,1,0,0,0,0,1,1,1
8703060,GRANADA,444840.301,4117417.182,2005,3599.0,63,0,0,0,0,1,0,1,1,0,0,0,0,1,1,1
8703061,GRANADA,444864.755,4117387.837,2005,2232.0,40,0,0,0,0,1,0,1,0,0,0,0,0,0,1,1
8703062,GRANADA,444915.292,4117453.047,2004,4704.0,70,0,0,0,0,1,0,1,0,0,0,0,0,0,1,1
8703063,GRANADA,444817.478,4117052.008,2017,1740.0,35,0,0,0,0,1,0,1,0,0,0,0,0,1,1,0
8703064,GRANADA,444874.536,4117096.025,2004,5310.0,98,0,0,0,0,1,0,1,0,0,0,0,0,1,1,1
8703065,GRANADA,445032.669,4117231.335,2018,3517.0,39,0,0,0,0,1,0,1,0,0,0,0,0,1,1,0
8703066,GRANADA,445062.014,4117275.351,2006,2324.0,29,0,0,0,0,1,0,1,0,0,0,0,0,1,1,1
8703067,GRANADA,445112.551,4117182.427,2006,7123.0,76,0,0,0,0,1,0,1,1,0,1,0,0,1,1,1
8703068,GRANADA,444854.973,4116998.21,2006,2354.0,40,0,0,0,0,1,0,0,0,0,0,0,0,0,1,1
8703069,GRANADA,445140.265,4117060.159,2013,4435.0,41,0,0,0,0,1,0,1,1,0,1,0,0,1,1,1
8703032,GRANADA,446170.659,4117216.91,2002,8179.0,323,0,0,0,1,0,0,0,0,0,0,0,0,1,1,0
8703033,GRANADA,446262.11,4117252.31,2001,8692.0,223,0,0,0,1,0,0,0,0,0,0,0,0,0,1,1
8703070,GRANADA,444678.907,4116885.724,2003,1941.0,70,0,0,0,1,0,0,1,0,0,0,0,0,1,1,0
8703071,GRANADA,444706.621,4116871.052,2002,5311.0,167,0,0,0,1,0,0,1,0,0,0,0,0,1,1,1
8703072,GRANADA,444584.354,4117087.873,1995,9513.0,35,0,1,0,0,0,0,1,0,1,0,0,0,0,1,1
8703073,GRANADA,444466.976,4117115.588,1996,7160.0,27,0,0,1,0,0,0,1,0,1,1,0,0,0,1,1
8703074,GRANADA,444352.86,4117171.016,1997,1679.0,11,0,0,1,0,0,0,1,0,0,0,0,0,0,1,1
8703075,GRANADA,444268.087,4117066.68,1997,3148.0,56,0,0,0,0,1,0,1,0,0,0,0,0,0,0,1
8703076,GRANADA,444206.138,4117156.343,1999,4094.0,91,0,0,0,0,1,0,1,0,0,0,0,0,0,0,1
8703077,GRANADA,444344.708,4116942.782,2007,4024.0,84,0,0,0,0,1,0,1,0,0,0,0,0,1,0,0
8703048,GRANADA,444934.596,4117790.691,2004,3213.0,95,0,0,0,1,0,0,0,0,0,0,0,0,0,1,0
8703049,GRANADA,444697.118,4117466.187,2007,6373.0,112,0,0,0,0,1,0,1,1,0,0,0,0,1,1,1
8703050,GRANADA,444739.894,4117545.838,2005,1970.0,38,0,0,0,0,1,0,1,0,0,0,0,0,1,1,0
8703051,GRANADA,444759.069,4117495.687,2006,2072.0,38,0,0,0,0,1,0,1,0,0,0,0,0,1,1,1
8703052,GRANADA,444838.72,4117566.488,2002,4688.0,69,0,0,0,1,0,0,1,0,1,1,0,0,0,1,0
8703053,GRANADA,445124.873,4117573.863,2019,2052.0,83,0,0,0,1,0,1,1,0,0,0,0,0,0,0,0
8703054,GRANADA,445087.998,4117483.887,2007,3321.0,35,0,0,0,0,1,0,1,1,0,0,0,0,1,1,1
8703055,GRANADA,445220.749,4117358.511,2007,30580.0,327,0,0,0,1,0,0,1,1,1,1,0,0,1,1,1
8703056,GRANADA,445285.65,4117452.912,2007,5732.0,88,0,0,0,0,1,0,1,1,0,0,0,0,1,1,1
8703003,GRANADA,445348.154,4118222.047,2006,5915.0,154,0,0,0,1,0,0,1,0,0,0,0,0,1,1,1
8703034,GRANADA,445573.278,4117742.015,1999,3772.0,37,0,0,1,0,0,0,0,0,0,0,0,0,0,1,1
8703035,GRANADA,445601.303,4117685.964,1996,3821.0,34,0,0,1,0,0,0,1,0,0,0,0,0,0,1,1
8703036,GRANADA,445635.228,4117625.489,1994,3780.0,34,0,0,1,0,0,0,1,0,0,0,0,0,0,1,1
8703037,GRANADA,445726.679,4117606.314,1998,2353.0,71,0,0,0,1,0,0,0,0,0,0,0,0,0,1,1
8703038,GRANADA,445669.154,4117572.388,1995,2790.0,28,0,0,1,0,0,0,0,0,0,0,0,0,0,1,1
8706002,GRANADA,447289.72,4114011.698,1995,1500.0,12,0,0,0,1,0,0,1,0,0,0,0,0,0,1,1
8706001,GRANADA,447178.847,4114133.03,1970,2965.0,22,0,0,0,0,1,0,1,0,0,0,0,0,0,1,1
8706003,GRANADA,447411.052,4113946.848,1979,1858.0,25,0,0,0,0,1,0,1,0,1,0,0,0,0,1,1
8706004,GRANADA,447503.098,4113833.883,1900,2358.0,8,0,0,0,0,1,0,1,0,0,0,0,0,0,0,1
8706005,GRANADA,447554.895,4113843.871,1984,2621.0,28,0,0,0,0,1,0,1,0,0,0,0,0,0,1,1
8706037,GRANADA,447399.53,4113878.126,1986,2319.0,17,0,0,1,1,0,0,1,0,0,0,0,0,0,0,0
8706006,GRANADA,447450.206,4113676.988,1982,4602.0,49,0,0,0,1,0,0,0,0,0,0,0,0,0,1,1
8706007,GRANADA,447402.092,4113610.046,1983,2424.0,24,0,0,0,0,1,0,0,0,0,0,0,0,0,1,1
8706008,GRANADA,447448.114,4113547.288,1986,8343.0,113,0,0,0,0,1,0,0,0,0,0,0,0,0,1,1
8706009,GRANADA,447544.343,4113633.057,2008,489.0,10,0,0,0,1,0,0,1,0,0,0,0,0,1,0,0
8706010,GRANADA,447581.998,4113582.851,1973,1999.0,21,0,0,0,0,1,0,1,0,0,0,0,0,0,1,1
8706011,GRANADA,447374.896,4113407.128,1981,4456.0,72,0,0,0,0,1,0,0,0,0,0,0,0,1,1,1
8706012,GRANADA,447732.618,4113139.36,1976,3949.0,120,0,0,0,0,1,0,0,0,0,0,0,0,0,1,1
8706040,GRANADA,447057.413,4113526.936,1974,13784.0,434,0,0,0,0,1,0,1,0,0,0,0,0,0,1,1
8706021,GRANADA,447228.461,4112639.387,2011,7378.0,60,0,0,0,0,1,0,1,1,0,0,0,0,0,0,1
8706020,GRANADA,447389.54,4112766.995,1979,4421.0,94,0,0,0,0,1,0,0,0,0,0,0,0,0,1,1
8706041,GRANADA,447154.851,4113343.39,1978,3218.0,36,0,0,0,0,1,0,1,0,0,0,0,0,0,1,1
8706026,GRANADA,447558.987,4112549.433,1980,5326.0,72,0,0,0,0,1,0,0,0,0,0,0,0,0,1,1
8706027,GRANADA,447385.356,4112382.078,1997,1856.0,32,0,0,0,1,0,0,1,0,0,0,0,0,0,0,0
8706028,GRANADA,447293.311,4112325.596,1994,1141.0,38,0,0,0,1,0,0,1,0,0,0,0,0,0,0,1
8706039,GRANADA,447775.952,4112505.566,1980,13053.0,250,0,0,0,0,1,0,0,0,0,0,0,0,0,1,1
8706030,GRANADA,447874.87,4112561.985,2001,3096.0,81,0,0,0,1,0,0,1,0,0,0,0,0,0,0,0
8706031,GRANADA,447912.525,4112534.79,1998,2821.0,46,0,0,0,1,0,0,1,0,0,0,0,0,0,0,0
8706032,GRANADA,447952.599,4112594.482,1999,1868.0,38,0,0,0,1,0,0,1,0,0,0,0,0,0,0,0
8706018,GRANADA,447414.643,4112942.718,1990,9867.0,215,0,0,0,1,0,0,1,0,0,1,0,0,0,1,1
8706019,GRANADA,447464.85,4112823.477,1988,4420.0,86,0,0,0,0,1,0,0,0,0,0,0,0,0,0,1
8706029,GRANADA,448406.222,4111831.899,1989,4491.14,21,0,0,1,0,0,0,0,0,0,0,0,0,0,1,1
8706034,GRANADA,447460.85,4111985.826,1996,5194.0,45,0,0,0,1,0,0,1,0,0,0,0,0,0,1,0
8706035,GRANADA,447580.322,4111980.191,1996,1314.0,9,0,0,0,0,0,0,1,0,0,0,0,0,0,0,0
8706036,GRANADA,447624.279,4112057.96,2005,8773.0,102,0,0,0,0,1,0,1,1,0,0,0,0,1,1,1
8706038,GRANADA,447694.176,4112457.463,1984,6608.0,159,0,0,0,0,1,0,0,0,0,0,0,0,0,1,1
8706013,GRANADA,447598.734,4113151.911,1970,4092.0,16,0,0,0,0,1,0,1,1,0,0,0,0,0,1,1
8706014,GRANADA,447638.481,4113082.877,1985,5997.0,76,0,0,0,0,1,0,0,0,0,0,0,0,0,1,1
8706015,GRANADA,447690.779,4113101.705,1985,1421.0,20,0,0,0,0,1,0,0,0,0,0,0,0,0,1,1
8706016,GRANADA,447730.526,4113041.039,1989,4221.0,56,0,0,0,1,0,0,1,0,0,0,0,0,0,1,1
8706017,GRANADA,447787.008,4113043.131,1945,1006.0,24,0,0,0,1,0,0,0,0,0,0,0,0,0,1,1
8706022,GRANADA,447772.365,4112833.937,2009,846.0,38,0,0,0,1,0,0,0,0,0,0,0,0,0,1,0
8706023,GRANADA,447816.295,4112781.638,2009,1284.0,41,0,0,0,1,0,0,1,0,0,0,0,0,1,0,0
8706024,GRANADA,447916.708,4112758.627,1984,7303.0,160,0,0,0,0,1,0,0,0,0,0,0,0,0,1,1
8706025,GRANADA,447793.284,4112628.927,2004,1245.0,29,0,0,0,1,0,0,1,0,0,0,0,1,0,0,0
8707003,GRANADA,446869.524,4115211.311,2002,1565.0,17,0,0,1,0,0,0,0,0,0,0,0,0,0,1,1
8707004,GRANADA,445591.737,4115632.395,1980,1799.0,36,0,0,0,1,0,0,1,0,0,0,0,0,0,1,0
8707005,GRANADA,445516.82,4115854.357,1985,7327.0,100,0,0,0,0,1,0,1,0,0,0,0,0,0,0,1
8707006,GRANADA,445556.004,4115947.795,1983,7044.0,129,0,0,0,0,1,0,0,0,0,0,0,0,0,1,1
8707017,GRANADA,444535.0,4115984.283,1985,18143.0,426,0,0,0,0,1,0,0,0,0,0,0,0,0,1,1
8707018,GRANADA,444453.367,4115989.636,1980,3185.0,93,0,0,0,0,1,0,0,0,0,0,0,0,0,1,1
8707012,GRANADA,445081.004,4115457.015,2003,9375.0,190,0,0,0,0,1,0,1,0,0,0,0,0,1,1,1
8707013,GRANADA,445109.107,4115402.147,2003,1209.0,24,0,0,0,0,1,0,1,0,0,0,0,0,0,1,0
8707014,GRANADA,444991.662,4115328.029,2003,8813.0,172,0,0,0,0,1,0,1,0,0,0,0,0,1,1,1
8707015,GRANADA,445000.709,4115273.675,2003,2751.0,46,0,0,0,0,1,0,1,0,0,0,0,0,0,1,1
8707007,GRANADA,445323.917,4115863.399,1994,7311.0,270,0,0,0,0,1,0,0,0,0,0,0,0,0,1,0
8707021,GRANADA,444266.012,4116534.302,2004,4813.0,35,0,0,1,0,0,0,1,0,0,0,0,0,0,1,0
8707019,GRANADA,444286.086,4116033.798,1983,5093.0,154,0,0,0,0,1,0,0,0,0,0,0,0,0,1,1
8707008,GRANADA,445194.309,4115736.806,1999,2797.0,72,0,0,0,0,1,0,0,0,0,0,0,0,0,1,1
8707022,GRANADA,443984.981,4116326.874,2006,5784.0,106,0,0,0,0,1,0,1,0,0,0,0,0,0,1,1
8707023,GRANADA,443967.584,4116407.169,2005,1149.0,20,0,0,0,1,0,0,1,0,0,0,0,0,0,0,0
8707020,GRANADA,444272.703,4116162.27,1988,6921.0,155,0,0,0,1,0,0,1,1,1,1,0,0,0,0,0
8707009,GRANADA,445189.402,4115544.001,1978,5068.0,142,0,0,0,0,1,0,0,0,0,0,0,0,0,1,1
8707010,GRANADA,445185.387,4115489.133,2004,1227.0,24,0,0,0,0,1,0,1,0,0,0,0,0,0,1,1
8707011,GRANADA,445070.298,4115565.413,2005,2901.0,94,0,0,0,0,1,0,1,1,0,0,0,0,0,1,0
8707016,GRANADA,445166.651,4115242.895,2000,5709.0,169,0,0,0,1,0,0,1,0,0,0,0,0,0,0,0
8708010,GRANADA,447240.183,4115697.558,2013,5438.370000000003,40,0,0,1,0,0,0,0,0,0,0,0,0,0,1,1
8708011,GRANADA,447153.341,4115608.043,1996,5302.829999999999,35,0,0,1,0,0,0,0,0,0,0,0,0,0,1,1
8708012,GRANADA,447268.24,4115546.586,1984,11029.0,48,0,0,1,0,0,0,0,0,0,0,0,0,0,1,1
8708001,GRANADA,447733.179,4116010.189,1996,9306.0,49,0,0,1,0,0,0,1,0,0,0,0,0,0,0,0
8708006,GRANADA,447630.305,4115903.307,1997,983.0,3,0,0,1,0,0,0,1,0,0,0,0,0,0,0,0
8708007,GRANADA,447530.102,4115738.975,1995,2993.92,11,0,0,0,0,1,0,1,0,0,0,0,0,0,0,0
8708008,GRANADA,447580.872,4115621.404,1950,2545.0,23,0,0,0,0,1,0,1,1,0,0,0,0,0,1,0
8708009,GRANADA,447444.596,4115871.242,1969,2062.0,58,0,0,0,0,1,0,1,0,0,0,0,0,0,1,1
8709001,GRANADA,447426.278,4114289.905,1991,1475.0,6,0,0,0,1,0,0,1,0,0,0,0,0,0,1,1
8709002,GRANADA,448521.914,4113342.687,1990,2841.0,33,0,0,1,1,0,0,1,0,0,0,0,0,0,0,1
8709004,GRANADA,449023.88,4113212.369,2010,4643.0,38,0,0,1,0,0,0,1,0,0,0,0,0,0,0,0
8709005,GRANADA,448905.806,4113320.174,2001,5338.0,34,0,0,1,0,0,0,1,0,0,0,0,0,0,0,1
8709006,GRANADA,449022.711,4113300.98,2000,7250.0,43,0,0,1,0,0,0,1,1,0,0,0,0,0,0,0
8709007,GRANADA,449465.902,4113091.599,2003,2116.0,11,0,0,1,0,0,0,1,0,0,0,0,0,0,0,0
8709009,GRANADA,449486.84,4113171.862,2006,5002.0,27,0,0,1,0,0,0,1,0,0,0,0,0,0,0,0
8709010,GRANADA,449336.784,4113318.429,2005,3739.0,14,0,0,1,0,0,0,1,0,0,0,0,0,0,0,0
8709026,GRANADA,448062.446,4112930.258,1991,1316.0,16,0,0,0,1,0,0,1,0,0,0,0,0,0,0,0
8709027,GRANADA,448120.931,4112934.157,1993,5643.0,66,0,0,0,1,0,0,1,0,0,0,0,0,0,0,1
8709028,GRANADA,448192.088,4112908.813,2000,574.0,14,0,0,0,1,0,0,1,0,0,0,0,0,0,0,0
8709029,GRANADA,448216.457,4112912.712,1999,1330.0,34,0,0,0,1,0,0,1,0,0,0,0,0,0,0,0
8709030,GRANADA,448176.492,4112863.974,1997,1912.0,33,0,0,0,1,0,0,1,0,0,0,0,0,0,1,0
8709031,GRANADA,448248.624,4112879.571,1992,1903.0,34,0,0,0,1,0,0,0,0,0,0,0,0,0,1,1
8709032,GRANADA,448221.331,4112833.757,1994,1903.0,41,0,0,0,1,0,0,1,0,0,0,0,0,0,1,1
8709033,GRANADA,448301.261,4112854.227,1993,1786.0,30,0,0,0,1,0,0,0,0,0,0,0,0,0,1,0
8709034,GRANADA,448264.22,4112800.616,1995,1771.0,35,0,0,0,1,0,0,0,0,0,0,0,0,0,1,1
8709036,GRANADA,448344.15,4112816.212,1995,2010.0,36,0,0,0,1,0,0,0,0,0,0,0,0,0,1,1
8709037,GRANADA,448306.134,4112783.07,1995,912.0,18,0,0,0,1,0,0,1,0,0,0,0,0,0,0,0
8709038,GRANADA,448344.15,4112753.827,1998,3338.0,44,0,0,0,1,0,0,1,0,0,0,0,0,0,0,1
8709039,GRANADA,448387.039,4112746.029,2000,1249.0,12,0,0,0,1,0,0,1,0,0,0,0,0,0,0,1
8709040,GRANADA,448460.145,4112714.837,2009,3825.0,16,0,0,1,0,0,0,1,0,0,0,0,0,0,1,1
8709054,GRANADA,450235.275,4113234.891,2008,2508.0,18,0,0,0,0,1,0,1,0,0,0,0,0,0,0,0
8709055,GRANADA,450521.562,4113170.315,2008,4309.0,73,0,0,0,1,0,0,1,0,0,0,0,0,1,1,0
8709056,GRANADA,450504.342,4113082.061,2007,2291.0,48,0,0,0,0,1,0,1,0,0,0,0,0,0,1,1
8709003,GRANADA,448632.926,4113236.502,1984,2641.0,48,0,0,0,1,0,0,1,1,1,0,0,0,0,0,0
8709011,GRANADA,447768.166,4113588.88,2008,1371.0,40,0,0,0,1,0,0,1,0,0,0,0,0,0,0,0
8709016,GRANADA,447940.906,4112992.142,1991,3094.0,12,0,0,0,0,1,0,1,0,0,0,0,0,0,1,0
8709017,GRANADA,447996.741,4112901.41,1992,3471.0,36,0,0,0,1,0,0,1,0,0,0,0,0,0,1,1
8709018,GRANADA,447956.61,4112822.892,1994,1059.0,11,0,0,0,0,1,0,1,0,0,0,0,0,0,0,0
8709019,GRANADA,448045.597,4112739.14,2003,3109.0,28,0,0,0,0,1,0,1,0,0,0,0,0,0,0,0
8709020,GRANADA,448077.004,4112854.3,1993,3515.0,35,0,0,0,1,0,0,1,0,0,0,0,0,0,1,0
8709021,GRANADA,448139.819,4112808.934,1994,1930.0,35,0,0,0,1,0,0,1,0,0,0,0,0,0,0,0
8709022,GRANADA,448186.93,4112779.271,1994,1934.0,35,0,0,0,1,0,0,1,0,0,0,0,0,0,0,0
8709023,GRANADA,448228.806,4112749.609,2001,972.0,21,0,0,0,1,0,0,0,0,0,0,0,0,0,0,1
8709024,GRANADA,448220.082,4112671.091,1998,2420.0,39,0,0,0,1,0,0,1,0,0,0,0,0,0,1,1
8709025,GRANADA,448164.247,4112641.428,2006,2622.0,28,0,0,0,0,1,0,1,0,0,0,0,0,0,0,0
8709057,GRANADA,448471.558,4112539.09,2002,1162.0,24,0,0,0,1,0,0,1,0,0,0,0,0,0,0,0
8709058,GRANADA,448776.577,4112370.917,2000,1992.0,15,0,0,0,1,0,0,1,0,0,0,0,0,0,0,0
8709059,GRANADA,448863.961,4112280.236,1999,1247.0,9,0,0,1,0,0,0,1,0,0,0,0,0,0,0,0
8709060,GRANADA,448959.588,4112242.315,2007,2661.0,20,0,0,1,0,0,0,1,0,0,0,0,0,0,0,0
8709061,GRANADA,449013.997,4112197.798,2007,1658.0,10,0,0,1,0,0,0,1,0,0,0,0,0,0,0,0
8709062,GRANADA,448567.142,4112025.253,2003,3427.2400000000007,14,1,0,0,0,0,0,1,0,0,0,0,0,0,0,0
8709012,GRANADA,447680.924,4113471.975,2000,2512.0,32,0,0,0,0,1,0,0,0,0,0,0,0,0,1,1
8709013,GRANADA,447796.084,4113288.766,1988,2161.0,33,0,0,0,1,0,0,0,0,0,0,0,0,0,1,1
8709014,GRANADA,448033.383,4113000.867,1991,2930.0,28,0,0,0,1,0,0,1,0,0,0,0,0,0,1,1
8709015,GRANADA,448099.687,4113006.101,1992,1942.0,24,0,0,0,1,0,0,1,0,0,0,0,0,0,1,0
8709046,GRANADA,448695.061,4112640.756,2008,17761.0,238,0,0,0,0,1,0,1,1,0,0,0,0,0,1,1
8709047,GRANADA,448790.586,4112586.17,2009,8438.0,153,0,0,0,0,1,0,0,0,0,0,0,0,1,1,1
8709048,GRANADA,448719.429,4112531.584,2006,1387.0,20,0,0,0,0,1,0,1,0,0,0,0,0,0,0,0
8709049,GRANADA,448733.076,4112524.761,2006,1387.0,24,0,0,0,0,1,0,1,0,0,0,0,0,0,0,0
8709050,GRANADA,448792.536,4112510.139,2007,5529.0,74,0,0,0,0,1,0,1,0,0,0,0,0,0,1,1
8709051,GRANADA,448849.071,4112535.483,2006,4004.0,82,0,0,0,0,1,0,1,1,0,0,0,0,0,0,0
8709052,GRANADA,448850.046,4112461.402,2007,4161.0,68,0,0,0,0,1,0,1,0,0,0,0,0,0,1,0
8709053,GRANADA,448906.582,4112438.008,2009,4149.0,68,0,0,0,0,1,0,1,0,0,0,0,0,1,0,0
9901001,HUETOR_SANTILLAN,453656.451,4119259.609,2007,3329.0,13,0,1,0,0,0,0,1,0,0,0,0,0,0,1,0
9901003,HUETOR_SANTILLAN,454340.718,4119515.256,1995,1305.0,22,0,0,0,1,0,0,1,0,0,0,0,0,0,0,0
9901004,HUETOR_SANTILLAN,454155.439,4119500.434,2007,1779.0,5,0,0,1,0,0,0,1,0,0,0,0,0,0,1,0
9901006,HUETOR_SANTILLAN,454476.589,4120036.508,1995,2910.0,25,0,0,0,1,0,0,0,0,0,0,0,0,0,1,1
10101011,HUETOR_VEGA,449110.921,4111243.28,2004,1648.0,27,0,0,0,0,1,0,1,0,0,0,0,0,0,1,1
10101012,HUETOR_VEGA,449155.73,4111209.934,1987,982.0,10,0,0,0,0,1,0,0,0,0,0,0,0,0,1,1
10101013,HUETOR_VEGA,449255.769,4111199.513,2003,2217.0,14,0,0,1,0,0,0,1,0,0,0,0,0,0,1,0
10101001,HUETOR_VEGA,449096.379,4112071.237,2008,6656.0,26,0,0,1,0,0,0,0,0,0,0,0,0,0,1,0
10101002,HUETOR_VEGA,448879.293,4111645.635,1994,3451.0,38,0,0,1,0,0,0,1,0,0,0,0,0,0,1,0
10101003,HUETOR_VEGA,448987.836,4111314.294,1993,1735.0,21,0,0,0,1,0,0,1,0,0,0,0,0,0,1,0
10101014,HUETOR_VEGA,449490.235,4111184.924,2007,2351.0,39,0,0,0,1,0,0,1,0,0,0,0,0,0,1,1
10101008,HUETOR_VEGA,449556.257,4111477.108,1987,10136.0,60,0,0,1,0,0,0,0,0,0,0,0,0,0,1,1
10101009,HUETOR_VEGA,449947.583,4111774.173,2000,14175.489999999998,79,0,0,1,0,0,0,1,0,0,0,0,0,1,1,1
10101010,HUETOR_VEGA,449724.784,4111462.826,2008,3891.0,37,0,0,0,1,0,0,1,0,0,0,0,0,0,1,1
10101004,HUETOR_VEGA,449153.507,4112114.083,2009,1703.0,13,0,0,0,0,1,0,1,0,0,0,0,0,0,0,1
10101005,HUETOR_VEGA,449264.906,4112116.939,1988,2463.78,14,0,0,1,0,0,0,1,0,0,0,0,0,0,1,1
10101006,HUETOR_VEGA,449310.608,4111885.572,1979,1874.0,10,0,0,1,0,0,0,1,0,0,0,0,0,0,0,0
10101007,HUETOR_VEGA,450167.524,4111965.551,2010,3349.399999999999,10,1,1,0,0,0,0,1,0,0,0,0,0,0,1,0
10501001,IZNALLOZ,453671.889,4138805.671,2008,7320.0,82,0,0,1,0,0,0,1,0,0,0,0,0,0,1,1
11101001,JUN,448991.297,4119194.895,2019,234360.36000000007,272,0,1,1,0,0,0,0,0,0,0,0,0,1,0,0
11101004,JUN,447448.622,4119728.166,1987,13088.15,48,0,1,0,0,0,0,0,1,0,0,0,0,0,0,0
11101002,JUN,447715.257,4118420.384,2007,14382.0,72,0,0,0,1,0,0,1,0,0,0,0,0,1,1,1
11101003,JUN,447493.061,4118426.732,2008,4150.0,25,0,0,0,1,0,0,1,0,0,0,0,0,0,0,0
12601001,LA_MALAHA,435310.601,4106167.604,2007,3814.0,19,0,0,1,0,0,0,0,0,0,0,0,0,0,1,0
12701006,MARACENA,443369.639,4118531.39,2014,6121.0,109,0,0,0,0,1,0,1,0,0,0,0,0,1,0,0
12701007,MARACENA,444072.911,4118317.245,1982,5107.0,49,0,0,0,0,1,0,1,0,0,0,0,0,0,0,0
12701008,MARACENA,444085.078,4118275.877,1989,5309.0,49,0,0,0,0,1,0,1,0,0,0,0,0,0,0,1
12701009,MARACENA,444038.842,4118446.219,1983,7181.0,144,0,0,0,1,0,0,1,0,0,0,0,0,0,0,1
12701010,MARACENA,443917.169,4118446.219,1985,2114.0,48,0,0,0,1,0,0,1,0,0,0,0,0,0,0,1
12701002,MARACENA,444384.394,4118691.999,2001,2817.0,63,0,0,0,1,0,0,1,0,0,0,0,0,1,0,0
12701003,MARACENA,444503.634,4118592.227,1990,6939.589999999997,28,0,1,0,0,0,0,1,0,0,0,0,0,1,1,1
12701011,MARACENA,444345.459,4118665.231,2003,3420.0,42,0,0,0,1,0,0,1,0,0,0,0,0,0,0,1
12701012,MARACENA,444557.17,4118636.029,1990,5443.81,22,0,0,1,0,0,0,1,0,0,0,0,0,0,1,1
12701013,MARACENA,444491.281,4119016.64,1999,5295.0,70,0,0,0,0,1,0,0,0,0,0,0,0,0,1,1
12702004,MARACENA,444442.797,4118570.326,1990,7018.210000000002,28,0,1,0,0,0,0,1,0,0,0,0,0,0,1,1
12702005,MARACENA,443182.262,4118572.759,2012,6719.0,140,0,0,0,1,0,0,1,0,0,0,0,0,0,0,0
13402001,MONACHIL,450432.744,4110252.283,2007,6714.9900000000025,13,0,0,1,0,0,0,0,1,0,0,0,0,0,0,0
13402002,MONACHIL,450414.724,4110306.344,2006,3530.0,26,0,0,1,0,0,0,1,0,0,0,0,0,0,0,0
13402003,MONACHIL,450432.744,4110092.352,1992,3565.7100000000005,31,0,0,1,0,0,0,1,0,0,0,0,0,0,0,0
13402004,MONACHIL,450160.185,4110223.0,2008,1796.0,18,0,0,0,0,1,0,0,0,0,0,0,0,0,1,1
13402005,MONACHIL,450052.063,4110189.212,1998,788.0,6,0,0,1,0,0,0,1,0,0,0,0,0,0,0,0
13402006,MONACHIL,449849.333,4110247.778,2006,2043.0,47,0,0,0,0,1,0,1,0,0,0,0,0,0,1,0
13402007,MONACHIL,449840.323,4110157.676,2007,3011.0,22,0,0,1,0,0,0,1,0,0,0,0,0,1,1,0
13402014,MONACHIL,450948.58,4109123.753,2008,3429.0,10,1,0,0,0,0,0,0,0,0,0,0,0,0,1,0
13402015,MONACHIL,451049.944,4108918.771,2004,4068.0,25,0,0,1,0,0,0,1,0,0,0,0,0,0,0,0
13402016,MONACHIL,451014.289,4108870.56,1996,2800.0,20,0,0,1,0,0,0,0,0,0,0,0,0,0,1,1
13402019,MONACHIL,450943.054,4108763.707,1996,1928.0,13,0,0,1,0,0,0,1,0,0,0,0,0,0,1,0
13402020,MONACHIL,451014.289,4108767.456,1995,2119.0,16,0,0,1,0,0,0,1,0,0,0,0,0,0,1,1
13402021,MONACHIL,450972.11,4108729.964,1998,2080.0,18,0,0,1,0,0,0,1,0,0,0,0,0,0,1,0
13402022,MONACHIL,450942.117,4108701.845,1996,1442.2699999999998,13,0,0,1,0,0,0,1,0,0,0,0,0,0,0,0
13402026,MONACHIL,450757.468,4108607.177,2004,1782.0,15,0,0,1,0,0,0,1,0,0,0,0,0,0,0,0
13402012,MONACHIL,450853.972,4109722.933,1994,14165.0,79,0,0,1,0,0,0,1,1,0,1,0,0,0,1,1
13402013,MONACHIL,450865.235,4109596.79,1980,2004.42,8,0,0,1,0,0,0,1,0,0,0,0,0,0,1,1
14401001,NIVAR,449489.883,4123133.001,2010,69831.75,156,0,1,1,0,0,0,0,0,0,0,0,0,0,1,1
14501017,OGIJARES,446459.33,4108053.296,2002,2621.0,71,0,0,0,1,0,0,1,0,0,0,0,0,0,1,1
14501049,OGIJARES,446299.115,4108643.435,2004,4596.0,4,1,0,0,0,0,0,1,0,0,0,0,0,0,1,0
14501050,OGIJARES,446300.582,4108326.588,2001,1699.0,44,0,0,0,0,1,0,0,0,0,0,0,0,0,1,1
14501051,OGIJARES,446328.453,4108251.777,2002,3302.0,75,0,0,0,0,1,0,1,0,0,0,0,0,0,1,1
14501052,OGIJARES,446401.797,4108138.827,2001,2467.0,59,0,0,0,0,1,0,0,0,0,0,0,0,0,1,1
14501036,OGIJARES,445601.879,4108702.689,2000,2374.0,20,0,0,1,0,0,0,1,0,0,0,0,0,0,0,0
14501027,OGIJARES,444933.572,4108037.534,1991,16387.649999999994,56,0,1,0,0,0,0,1,1,0,0,0,0,0,1,1
14501028,OGIJARES,445050.21,4107879.914,1989,7750.109999999999,26,0,1,0,0,0,0,1,0,0,0,0,0,0,1,1
14501029,OGIJARES,445119.563,4107791.647,1997,6561.470000000001,16,0,1,0,0,0,0,1,0,0,0,0,0,0,1,1
14501030,OGIJARES,445024.991,4107624.57,1997,4466.129999999999,27,0,0,1,0,0,0,1,0,0,0,0,0,0,1,1
14501031,OGIJARES,444968.248,4107618.266,1997,4678.88,38,0,0,1,0,0,0,1,0,0,0,0,0,0,1,1
14501032,OGIJARES,445062.82,4108201.459,1988,652.0,6,0,0,1,0,0,0,1,0,0,0,0,0,0,0,0
14501008,OGIJARES,444267.436,4108583.054,2003,6360.0,32,0,0,1,0,0,0,1,0,0,0,0,0,0,0,0
14501009,OGIJARES,444419.1,4108600.387,2003,5397.0,18,0,0,1,0,0,0,1,1,0,0,0,0,0,1,0
14501010,OGIJARES,444327.018,4108605.803,2008,1883.0,7,0,0,1,0,0,0,1,0,0,0,0,0,0,1,0
14501011,OGIJARES,444321.602,4108554.887,1999,3525.980000000001,33,0,1,0,0,0,0,1,0,0,0,0,0,0,1,0
14501012,OGIJARES,444609.763,4108310.058,1986,4649.0,7,1,0,0,0,0,0,1,0,0,0,0,0,0,1,0
14501013,OGIJARES,444546.931,4108194.144,1992,6239.440000000001,24,0,0,1,0,0,0,1,0,0,0,0,0,0,0,0
14501014,OGIJARES,444481.932,4108111.812,1986,6579.0,4,1,0,0,0,0,0,0,1,0,0,0,0,0,0,0
14501015,OGIJARES,444530.681,4108085.812,1994,3838.9299999999994,29,0,0,1,0,0,0,1,0,0,0,0,0,0,1,0
14501037,OGIJARES,446079.082,4108917.743,2001,1786.0,16,0,0,1,0,0,0,0,0,0,0,0,0,0,1,0
14501039,OGIJARES,446002.804,4108862.001,1994,3281.85,23,0,0,1,0,0,0,1,0,0,0,0,0,0,0,0
14501040,OGIJARES,446064.414,4108784.256,1988,2226.23,10,0,0,1,0,0,0,1,0,0,0,0,0,0,1,0
14501041,OGIJARES,446104.02,4108773.988,2006,1737.0,30,0,0,0,1,0,0,1,0,0,0,0,0,0,0,0
14501042,OGIJARES,446244.841,4108800.392,2009,2770.0,59,0,0,0,1,0,0,1,0,0,0,0,0,1,1,0
14501043,OGIJARES,446205.235,4108707.978,2000,2303.8700000000003,18,0,0,0,0,1,0,1,0,0,0,0,0,0,1,1
14501044,OGIJARES,446137.758,4108637.568,1986,3612.229999999999,19,0,0,1,0,0,0,1,0,0,0,0,0,0,1,0
14501045,OGIJARES,446062.947,4108636.101,1988,3770.1100000000006,18,0,0,1,0,0,0,1,0,0,0,0,0,0,1,0
14501046,OGIJARES,446101.086,4108590.628,1986,864.0,8,0,0,0,0,1,0,1,0,0,0,0,0,0,1,0
14501047,OGIJARES,446162.695,4108424.869,2006,4470.0,79,0,0,0,1,0,0,1,0,0,0,0,0,1,0,0
14501048,OGIJARES,446117.222,4108405.8,2002,1334.0,20,0,0,0,1,0,0,0,0,0,0,0,0,0,1,1
14501018,OGIJARES,444659.313,4107807.409,1987,22570.0,50,0,0,1,0,0,0,1,1,0,0,0,0,1,1,1
14501019,OGIJARES,444741.276,4107851.543,1986,21480.049999999996,43,0,0,1,0,0,0,1,1,0,0,0,0,1,1,1
14501020,OGIJARES,444798.019,4107605.656,1986,10802.0,29,0,0,1,0,0,0,1,0,0,0,0,0,0,1,1
14501021,OGIJARES,444864.219,4107646.637,1986,15409.110000000004,36,0,0,1,0,0,0,1,1,0,0,0,0,1,1,1
14501022,OGIJARES,444744.428,4107536.303,1999,3122.0,37,0,0,1,0,0,0,0,0,0,0,0,0,0,1,1
14501023,OGIJARES,444886.286,4107507.932,1995,2839.0,20,0,0,1,0,0,0,1,0,0,0,0,0,0,1,1
14501024,OGIJARES,444753.885,4107306.179,1995,3113.0,19,0,0,1,0,0,0,1,0,0,0,0,0,0,1,1
14501025,OGIJARES,445151.087,4107293.569,1997,10356.0,62,0,0,1,0,0,0,1,1,0,0,0,0,0,1,1
14501026,OGIJARES,445217.287,4107372.379,1900,3071.7999999999997,20,0,1,0,0,0,0,1,0,0,0,0,0,0,1,1
14501006,OGIJARES,444480.715,4109344.726,2015,100035.96000000002,149,1,0,0,0,0,0,0,0,0,0,0,0,0,1,1
14501007,OGIJARES,444052.906,4108911.057,2004,38795.83000000001,87,0,0,1,0,0,0,1,0,0,0,0,0,0,1,1
14501016,OGIJARES,445053.922,4108681.635,1986,11744.0,48,0,1,0,0,0,0,1,1,1,1,0,0,0,0,0
14501033,OGIJARES,445567.203,4107741.209,2000,2200.8700000000003,16,0,0,1,0,0,0,1,0,0,0,0,0,0,0,0
14501034,OGIJARES,445551.441,4107567.827,1997,4029.0,3,1,0,0,0,0,0,0,0,0,0,0,0,0,1,0
14501035,OGIJARES,445863.528,4107552.065,1994,3649.4900000000007,14,0,0,1,0,0,0,0,0,0,0,0,0,0,1,0
14901002,OTURA,445305.994,4104865.897,2017,302010.1,199,1,0,0,0,0,0,0,0,0,0,0,0,1,1,1
14901004,OTURA,443478.648,4105515.194,2007,2271.0,37,0,0,0,0,1,0,0,0,0,0,0,0,0,1,0
14901006,OTURA,443470.996,4105298.32,1993,1137.0,20,0,0,0,1,0,0,1,0,0,0,0,0,0,0,0
14901001,OTURA,444993.674,4104520.701,1989,4495.0,16,0,0,1,0,0,0,1,0,0,0,0,0,1,0,0
14901005,OTURA,442029.374,4103838.529,2018,103627.65,91,1,0,0,0,0,0,0,0,0,0,0,0,1,1,1
15301004,PELIGROS,444571.919,4120411.303,1993,1444.0,22,0,0,0,0,1,0,1,0,0,0,0,0,0,1,0
15301003,PELIGROS,444120.146,4121254.397,2007,1390.0,12,0,0,1,0,0,0,0,0,0,0,0,0,1,1,0
15301001,PELIGROS,443003.769,4121763.555,2020,277121.48,484,1,0,1,0,0,0,0,0,0,0,0,0,0,1,1
15701001,PINOS_GENIL,454942.837,4113102.825,1997,2713.0,64,0,0,0,0,1,0,1,0,0,0,0,0,0,0,0
15801002,PINOS_PUENTE,432916.01,4123212.18,1979,1354.0,32,0,0,0,0,1,0,0,0,0,0,0,0,0,1,1
15801001,PINOS_PUENTE,433020.799,4123248.773,1998,2026.0,19,0,0,1,0,0,0,0,0,0,0,0,0,0,1,1
16501003,PULIANAS,446103.573,4119986.464,1993,3758.0,72,0,0,1,0,0,0,1,0,0,0,0,0,0,0,1
16501001,PULIANAS,446526.59,4119221.88,1996,2394.0,30,0,0,1,0,0,0,1,0,0,0,0,0,0,0,0
16501002,PULIANAS,446510.826,4119734.23,2004,3534.03,23,0,0,1,0,0,0,0,0,0,0,0,0,1,1,1
17501004,SANTA_FE,436644.603,4115946.613,1996,1812.0,40,0,0,0,1,0,0,0,0,0,0,0,0,0,1,1
17501010,SANTA_FE,435870.29,4116424.443,2000,1775.0,16,0,0,1,0,1,0,0,0,0,0,0,0,0,1,0
17501011,SANTA_FE,435907.665,4116088.068,2005,1146.0,24,0,0,0,1,0,0,1,0,0,0,0,0,0,0,0
17501005,SANTA_FE,436092.38,4115878.146,1994,2945.0,91,0,0,0,1,0,0,0,0,0,0,0,0,0,1,0
17501006,SANTA_FE,436092.38,4115773.762,1994,2400.0,82,0,0,0,0,1,0,0,0,0,0,0,0,0,1,0
17501001,SANTA_FE,437112.646,4116047.629,2005,2675.0,60,0,0,0,1,0,0,1,0,0,0,0,0,1,1,1
17501002,SANTA_FE,437100.3,4116091.403,2005,1799.0,18,0,1,0,0,0,0,1,0,0,0,0,0,0,1,0
17501003,SANTA_FE,436578.382,4116221.602,1980,1440.0,12,0,0,0,0,1,0,0,0,0,0,0,0,0,1,1
17501007,SANTA_FE,435509.936,4116128.678,1976,2030.0,36,0,0,0,0,1,0,0,0,0,0,0,0,0,1,1
18901001,VIZNAR,450542.793,4120636.796,2010,4466.0,44,0,0,1,0,0,0,1,0,0,0,0,0,0,1,1
19301008,LA_ZUBIA,447935.965,4108651.182,1994,6550.0,91,0,0,0,1,0,0,1,0,0,0,0,0,0,1,1
19301009,LA_ZUBIA,447930.365,4108591.447,1995,1141.0,18,0,0,0,0,1,0,1,0,0,0,0,0,0,0,0
19301010,LA_ZUBIA,447823.961,4108580.247,1993,2848.0,45,0,0,0,0,1,0,1,0,0,0,0,0,0,1,0
19301011,LA_ZUBIA,447710.091,4108587.714,2007,1916.0,32,0,0,0,0,1,0,1,0,0,0,0,0,0,1,0
19301015,LA_ZUBIA,447508.485,4108524.245,2006,1296.0,20,0,0,0,1,0,0,1,0,0,0,0,0,0,1,0
19301007,LA_ZUBIA,448044.345,4108962.439,2007,27345.0,91,0,0,0,0,1,0,1,0,0,0,0,0,1,1,1
19301019,LA_ZUBIA,448374.108,4107630.519,1994,1294.0,17,0,0,0,1,0,0,1,0,0,0,0,0,0,1,1
19301001,LA_ZUBIA,451361.67,4105726.666,2018,159587.76000000013,127,1,0,0,0,0,0,0,1,0,0,0,0,0,1,1
19301020,LA_ZUBIA,447457.829,4108164.207,1996,3668.5799999999986,32,0,0,1,0,0,0,1,0,0,0,0,0,0,1,0
19301021,LA_ZUBIA,447462.129,4108104.007,1995,3255.0,45,0,0,1,0,0,0,1,0,0,0,0,0,0,1,0
19301022,LA_ZUBIA,447483.629,4107966.406,1989,3584.530000000001,29,0,0,1,0,0,0,0,0,0,0,0,0,0,1,1
19301023,LA_ZUBIA,447356.779,4107923.406,2007,1664.0,32,0,0,0,0,1,0,1,0,0,0,0,0,0,0,0
19301024,LA_ZUBIA,447062.228,4107620.256,1997,781.0,14,0,0,0,0,1,0,1,0,0,0,0,0,0,0,0
19301025,LA_ZUBIA,446849.378,4107596.606,1990,1603.59,8,0,0,1,0,0,0,1,0,0,0,0,0,0,0,0
19301002,LA_ZUBIA,448815.096,4108540.617,1999,1806.2999999999995,15,0,0,1,0,0,0,1,0,0,0,0,0,0,0,0
19301003,LA_ZUBIA,448779.608,4108414.436,2001,8930.439999999997,37,0,0,1,0,0,0,1,0,0,0,0,1,0,0,0
19301026,LA_ZUBIA,448670.431,4108744.708,2004,7284.0,24,1,0,0,0,0,0,1,1,0,0,0,0,0,1,1
19301016,LA_ZUBIA,447489.817,4108449.576,1997,2448.0,42,0,0,0,1,0,0,1,0,0,0,0,0,0,1,1
19301017,LA_ZUBIA,447467.417,4108330.105,1994,2134.0,47,0,0,0,1,0,0,1,0,0,0,0,0,0,0,0
19301018,LA_ZUBIA,447629.822,4108302.105,1992,1236.0,25,0,0,0,1,0,0,1,0,0,0,0,0,0,0,0
19301005,LA_ZUBIA,448164.473,4108097.01,1995,1195.0,26,0,0,0,1,0,0,1,0,0,0,0,0,0,1,0
19301006,LA_ZUBIA,448168.416,4108152.215,2003,673.0,5,0,0,0,1,0,0,1,0,0,0,0,0,0,0,0
90501018,LAS_GABIAS,440809.348,4110611.044,2008,2764.0,50,0,0,0,1,0,0,1,0,0,0,0,0,0,1,0
90501025,LAS_GABIAS,440839.301,4110265.591,2008,2227.0,53,0,0,0,0,1,0,1,0,0,0,0,0,0,0,0
90501026,LAS_GABIAS,440425.424,4110220.633,1994,1648.0,34,0,0,0,1,0,0,1,0,0,0,0,0,0,1,0
90501027,LAS_GABIAS,440368.565,4110228.567,2008,1652.0,36,0,0,0,1,0,0,1,0,0,0,0,0,0,0,0
90501028,LAS_GABIAS,440113.363,4109796.177,2006,2257.0,58,0,0,0,1,0,0,1,0,0,0,0,0,0,0,0
90501002,LAS_GABIAS,440428.809,4111806.031,2006,4456.0,93,0,0,0,1,0,0,0,0,0,0,0,0,0,1,0
90501003,LAS_GABIAS,440384.173,4111777.337,2005,4918.0,110,0,0,0,1,0,0,0,0,0,0,0,0,0,1,0
90501004,LAS_GABIAS,440119.547,4111780.525,1993,3749.75,28,0,1,0,0,0,0,1,1,0,0,0,0,0,0,0
90501010,LAS_GABIAS,439963.502,4111521.253,2007,2891.0,45,0,0,0,1,0,0,1,0,0,0,0,0,0,1,1
90501030,LAS_GABIAS,440485.091,4109469.26,2008,2359.0,56,0,0,0,0,1,0,1,0,0,0,0,0,0,0,0
90501031,LAS_GABIAS,440456.124,4109441.818,2010,1263.0,34,0,0,0,0,1,1,1,0,0,0,0,0,0,0,0
90501037,LAS_GABIAS,440775.766,4109220.256,2008,639.0,15,0,0,0,1,0,0,1,0,0,0,0,0,0,0,0
90501038,LAS_GABIAS,440807.426,4109208.744,2008,464.0,10,0,0,0,1,0,0,1,0,0,0,0,0,0,0,0
90501039,LAS_GABIAS,440493.708,4108866.245,2009,8086.0,36,0,0,1,0,0,0,1,1,0,0,0,0,0,0,0
90501040,LAS_GABIAS,440464.927,4108779.9,2008,6884.0,48,0,0,1,0,0,0,1,0,0,0,0,0,0,1,1
90501041,LAS_GABIAS,440525.368,4108659.018,2004,4200.0,21,0,0,1,0,0,0,1,0,0,0,0,0,0,0,1
90501042,LAS_GABIAS,440637.615,4108451.792,2007,4022.0,18,0,0,1,0,0,0,1,1,0,0,0,0,0,1,1
90501043,LAS_GABIAS,440485.074,4108391.351,2008,5165.0,36,0,0,1,0,0,0,1,0,0,0,0,0,0,0,1
90501044,LAS_GABIAS,441653.6,4108918.051,2008,6361.0,78,0,0,1,0,1,0,1,0,0,0,0,0,0,0,0
90501045,LAS_GABIAS,441167.194,4108411.498,2002,3382.0,22,0,0,1,0,0,0,1,0,0,0,0,0,0,0,0
90501046,LAS_GABIAS,441138.412,4108342.422,2002,3784.0,18,0,0,1,0,0,0,1,0,0,0,0,0,0,0,0
90501029,LAS_GABIAS,439797.501,4109585.129,1995,2001.9099999999994,15,0,0,1,0,0,0,1,0,0,0,0,0,0,0,0
90501034,LAS_GABIAS,439800.55,4109489.08,2011,6810.0,90,0,0,0,0,1,0,1,0,0,0,0,0,0,1,0
90501035,LAS_GABIAS,439675.534,4109402.178,2008,2447.0,50,0,0,0,1,0,0,1,0,0,0,0,0,0,1,0
90501036,LAS_GABIAS,439623.697,4109330.523,2008,1020.0,21,0,0,0,1,0,0,1,0,0,0,0,0,0,0,0
90501012,LAS_GABIAS,441282.151,4110356.382,1994,1202.0,26,0,0,0,1,0,0,0,0,0,0,0,0,0,1,1
90501013,LAS_GABIAS,441208.122,4110403.761,1993,815.0,17,0,0,0,1,0,0,1,0,0,0,0,0,0,0,0
90501014,LAS_GABIAS,441099.545,4110537.014,2007,153.0,24,0,0,0,1,0,0,1,0,0,0,0,0,0,0,0
90501015,LAS_GABIAS,441125.208,4110587.355,2006,1000.0,21,0,0,0,1,0,0,1,0,0,0,0,0,0,0,0
90501016,LAS_GABIAS,441112.377,4110660.397,2006,1452.0,30,0,0,0,1,0,0,1,0,0,0,0,0,0,0,0
90501017,LAS_GABIAS,441129.157,4110631.772,2007,832.0,18,0,0,0,1,0,0,1,0,0,0,0,0,0,0,0
90501020,LAS_GABIAS,440896.21,4110530.105,2007,1488.0,38,0,0,0,0,1,0,1,0,0,0,0,0,0,0,0
90501021,LAS_GABIAS,440953.46,4110518.26,2007,6379.0,165,0,0,0,0,1,0,1,0,0,0,0,0,0,0,0
90501022,LAS_GABIAS,441000.839,4110482.726,2007,7865.0,65,0,0,0,0,1,0,1,0,0,0,0,0,0,0,0
90501023,LAS_GABIAS,440880.417,4110484.7,2007,479.0,15,0,0,0,0,1,0,1,0,0,0,0,0,0,0,0
90501024,LAS_GABIAS,440892.262,4110407.709,2008,2025.0,39,0,0,0,0,1,0,1,0,0,0,0,0,0,1,1
90501001,LAS_GABIAS,439709.855,4111613.141,2002,9249.37,48,0,0,1,0,0,0,1,1,0,0,0,0,0,1,0
90501006,LAS_GABIAS,439667.466,4111569.123,1997,3623.03,23,0,0,1,0,0,0,1,0,0,0,0,0,0,1,1
90501007,LAS_GABIAS,439709.378,4111708.195,1994,1279.75,12,0,0,1,0,0,0,1,0,0,0,0,0,0,1,0
90501008,LAS_GABIAS,439734.514,4111750.828,1994,2179.99,21,0,0,1,0,0,0,1,0,0,0,0,0,0,0,0
90501009,LAS_GABIAS,439779.724,4111715.012,1994,1773.72,15,0,0,1,0,0,0,1,0,0,0,0,0,0,0,0
91101001,VEGAS_DEL_GENIL,439089.992,4114301.856,2008,4244.0,29,0,0,1,0,0,0,1,0,0,0,0,0,0,0,0
91101006,VEGAS_DEL_GENIL,438775.854,4114374.023,1986,640.4,5,0,0,1,0,0,0,1,0,0,0,0,0,0,0,0
91101007,VEGAS_DEL_GENIL,438764.534,4114420.719,1986,869.28,10,0,0,1,0,0,0,1,0,0,0,0,0,0,0,0
91101002,VEGAS_DEL_GENIL,439156.499,4114127.807,2007,9332.0,50,0,0,1,0,0,0,1,0,0,0,0,0,0,0,0
91101003,VEGAS_DEL_GENIL,439394.225,4114000.453,2007,3688.0,17,0,0,1,0,0,0,1,0,0,0,0,0,0,0,0
91101004,VEGAS_DEL_GENIL,438995.185,4114034.414,2008,7760.0,41,0,0,1,0,0,0,1,0,0,0,0,0,0,0,0
